0,2.0,0.02675,-0.0525,0.036
1,2.0,0.01125,-0.034,0.02525
2,2.0,0.3435,1.38325,-1.3725
3,2.0,-0.78325,-0.94175,4.14475
4,2.0,-0.85875,1.57675,-0.42925
5,2.0,-0.78325,-0.94175,4.14475
6,2.0,-0.85875,1.57675,-0.42925
7,2.0,-0.78325,-0.94175,4.14475
8,2.0,-0.85875,1.57675,-0.42925
9,2.0,-0.78325,-0.94175,4.14475
10,2.0,-4.9455,-3.1045,-2.02575
11,2.0,-0.78325,-0.94175,4.14475
12,2.0,-4.9455,-3.1045,-2.02575
13,2.0,-0.78325,-0.94175,4.14475
14,2.0,-4.9455,-3.1045,-2.02575
15,2.0,-0.78325,-0.94175,4.14475
16,2.0,-4.9455,-3.1045,-2.02575
17,2.0,-0.78325,-0.94175,4.14475
18,2.0,1.077,-0.289,4.157
19,2.0,-0.78325,-0.94175,4.14475
20,2.0,1.077,-0.289,4.157
21,2.0,-0.78325,-0.94175,4.14475
22,2.0,1.077,-0.289,4.157
23,2.0,-0.78325,-0.94175,4.14475
24,2.0,1.077,-0.289,4.157
25,2.0,-0.78325,-0.94175,4.14475
26,2.0,2.6685,7.6625,4.5375
27,2.0,-0.78325,-0.94175,4.14475
28,2.0,2.6685,7.6625,4.5375
29,2.0,-0.78325,-0.94175,4.14475
30,2.0,2.6685,7.6625,4.5375
31,2.0,-0.78325,-0.94175,4.14475
32,2.0,2.6685,7.6625,4.5375
33,2.0,-0.78325,-0.94175,4.14475
34,2.0,1.6635,-3.16025,4.13975
35,2.0,-0.78325,-0.94175,4.14475
36,2.0,1.6635,-3.16025,4.13975
37,2.0,-0.78325,-0.94175,4.14475
38,2.0,1.6635,-3.16025,4.13975
39,2.0,-0.78325,-0.94175,4.14475
40,2.0,1.6635,-3.16025,4.13975
41,2.0,-0.78325,-0.94175,4.14475
42,2.0,3.34825,-0.062,4.2305
43,2.0,-0.78325,-0.94175,4.14475
44,2.0,3.34825,-0.062,4.2305
45,2.0,-0.78325,-0.94175,4.14475
46,2.0,3.34825,-0.062,4.2305
47,2.0,-0.78325,-0.94175,4.14475
48,2.0,3.34825,-0.062,4.2305
49,2.0,-0.78325,-0.94175,4.14475
50,2.0,1.73675,-1.36825,4.19825
51,2.0,-0.78325,-0.94175,4.14475
52,2.0,1.73675,-1.36825,4.19825
53,2.0,-0.78325,-0.94175,4.14475
54,2.0,1.73675,-1.36825,4.19825
55,2.0,-0.78325,-0.94175,4.14475
56,2.0,0.008,-0.25475,0.212
57,2.0,-0.78325,-0.94175,4.14475
58,2.0,0.008,-0.25475,0.212
59,2.0,-0.78325,-0.94175,4.14475
60,2.0,0.008,-0.25475,0.212
61,2.0,-0.78325,-0.94175,4.14475
62,2.0,0.008,-0.25475,0.212
63,2.0,-0.78325,-0.94175,4.14475
64,2.0,0.008,-0.25475,0.212
65,2.0,-0.78325,-0.94175,4.14475
66,2.0,-1.07625,0.65775,-1.62475
67,2.0,-0.78325,-0.94175,4.14475
68,2.0,-1.07625,0.65775,-1.62475
69,2.0,-0.78325,-0.94175,4.14475
70,2.0,-1.07625,0.65775,-1.62475
71,2.0,-0.78325,-0.94175,4.14475
72,2.0,-1.07625,0.65775,-1.62475
73,2.0,-0.78325,-0.94175,4.14475
74,2.0,-1.72825,0.3385,-2.45075
75,2.0,-0.78325,-0.94175,4.14475
76,2.0,-1.72825,0.3385,-2.45075
77,2.0,-0.78325,-0.94175,4.14475
78,2.0,-1.72825,0.3385,-2.45075
79,2.0,-0.78325,-0.94175,4.14475
80,2.0,-2.3655,-0.308,-2.7055
81,2.0,-0.78325,-0.94175,4.14475
82,2.0,-2.3655,-0.308,-2.7055
83,2.0,-0.78325,-0.94175,4.14475
84,2.0,-2.3655,-0.308,-2.7055
85,2.0,-0.78325,-0.94175,4.14475
86,2.0,-2.3655,-0.308,-2.7055
87,2.0,-0.78325,-0.94175,4.14475
88,2.0,-1.74875,-0.42075,-1.875
89,2.0,-0.78325,-0.94175,4.14475
90,2.0,-1.74875,-0.42075,-1.875
91,2.0,-0.78325,-0.94175,4.14475
92,2.0,-1.74875,-0.42075,-1.875
93,2.0,-0.78325,-0.94175,4.14475
94,2.0,-1.74875,-0.42075,-1.875
95,2.0,-0.78325,-0.94175,4.14475
96,2.0,0.7655,0.056,-0.386
97,2.0,-0.78325,-0.94175,4.14475
98,2.0,0.7655,0.056,-0.386
99,2.0,-0.78325,-0.94175,4.14475
100,2.0,0.7655,0.056,-0.386
101,2.0,-0.78325,-0.94175,4.14475
102,2.0,2.05375,-0.32625,-0.09525
103,2.0,-0.78325,-0.94175,4.14475
104,2.0,2.05375,-0.32625,-0.09525
105,2.0,-0.78325,-0.94175,4.14475
106,2.0,2.05375,-0.32625,-0.09525
107,2.0,-0.78325,-0.94175,4.14475
108,2.0,2.05375,-0.32625,-0.09525
109,2.0,-0.78325,-0.94175,4.14475
110,2.0,2.05375,-0.32625,-0.09525
111,2.0,-0.78325,-0.94175,4.14475
112,2.0,0.9265,-0.29075,-1.083
113,2.0,-0.78325,-0.94175,4.14475
114,2.0,0.9265,-0.29075,-1.083
115,2.0,-0.78325,-0.94175,4.14475
116,2.0,0.9265,-0.29075,-1.083
117,2.0,-0.78325,-0.94175,4.14475
118,2.0,-0.10125,0.29325,-2.07225
119,2.0,-0.78325,-0.94175,4.14475
120,2.0,-0.10125,0.29325,-2.07225
121,2.0,-0.78325,-0.94175,4.14475
122,2.0,-0.10125,0.29325,-2.07225
123,2.0,-0.78325,-0.94175,4.14475
124,2.0,-0.1275,1.12975,-2.3595
125,2.0,-0.78325,-0.94175,4.14475
126,2.0,-0.1275,1.12975,-2.3595
127,2.0,-0.78325,-0.94175,4.14475
128,2.0,-0.1275,1.12975,-2.3595
129,2.0,-0.78325,-0.94175,4.14475
130,2.0,-0.28275,1.516,-2.74325
131,2.0,-0.78325,-0.94175,4.14475
132,2.0,-0.28275,1.516,-2.74325
133,2.0,-0.78325,-0.94175,4.14475
134,2.0,-0.28275,1.516,-2.74325
135,2.0,-0.78325,-0.94175,4.14475
136,2.0,-0.2905,1.5735,-2.8445
137,2.0,-0.78325,-0.94175,4.14475
138,2.0,-0.2905,1.5735,-2.8445
139,2.0,-0.78325,-0.94175,4.14475
140,2.0,-0.2905,1.5735,-2.8445
141,2.0,-0.78325,-0.94175,4.14475
142,2.0,-0.1,1.6795,-2.83025
143,2.0,-0.78325,-0.94175,4.14475
144,2.0,-0.1,1.6795,-2.83025
145,2.0,-0.78325,-0.94175,4.14475
146,2.0,-0.1,1.6795,-2.83025
147,2.0,-0.78325,-0.94175,4.14475
148,2.0,-0.00825,1.6395,-2.8525
149,2.0,-0.78325,-0.94175,4.14475
150,2.0,-0.00825,1.6395,-2.8525
151,2.0,-0.78325,-0.94175,4.14475
152,2.0,-0.00825,1.6395,-2.8525
153,2.0,-0.78325,-0.94175,4.14475
154,2.0,0.082,1.632,-2.7325
155,2.0,-0.78325,-0.94175,4.14475
156,2.0,0.082,1.632,-2.7325
157,2.0,-0.78325,-0.94175,4.14475
158,2.0,0.082,1.632,-2.7325
159,2.0,-0.78325,-0.94175,4.14475
160,2.0,0.2905,1.63625,-2.35925
161,2.0,-0.78325,-0.94175,4.14475
162,2.0,0.2905,1.63625,-2.35925
163,2.0,-0.78325,-0.94175,4.14475
164,2.0,0.2905,1.63625,-2.35925
165,2.0,-0.78325,-0.94175,4.14475
166,2.0,0.4795,1.6,-1.9535
167,2.0,-0.78325,-0.94175,4.14475
168,2.0,0.4795,1.6,-1.9535
169,2.0,-0.78325,-0.94175,4.14475
170,2.0,0.4795,1.6,-1.9535
171,2.0,-0.78325,-0.94175,4.14475
172,2.0,0.46,1.51725,-1.6585
173,2.0,-0.78325,-0.94175,4.14475
174,2.0,0.46,1.51725,-1.6585
175,2.0,-0.78325,-0.94175,4.14475
176,2.0,0.46,1.51725,-1.6585
177,2.0,-0.78325,-0.94175,4.14475
178,2.0,0.2465,1.3445,-1.2905
179,2.0,-0.78325,-0.94175,4.14475
180,2.0,0.2465,1.3445,-1.2905
181,2.0,-0.78325,-0.94175,4.14475
182,2.0,0.10825,1.08625,-0.67075
183,2.0,-0.78325,-0.94175,4.14475
184,2.0,0.10825,1.08625,-0.67075
185,2.0,-0.78325,-0.94175,4.14475
186,2.0,0.10825,1.08625,-0.67075
187,2.0,-0.78325,-0.94175,4.14475
188,2.0,-4.50725,-2.803,-2.892
189,2.0,-0.78325,-0.94175,4.14475
190,2.0,-4.50725,-2.803,-2.892
191,2.0,-0.78325,-0.94175,4.14475
192,2.0,-4.50725,-2.803,-2.892
193,2.0,-0.78325,-0.94175,4.14475
194,2.0,-3.2415,1.31375,2.757
195,2.0,-0.78325,-0.94175,4.14475
196,2.0,-3.2415,1.31375,2.757
197,2.0,-0.78325,-0.94175,4.14475
198,2.0,-3.2415,1.31375,2.757
199,2.0,-0.78325,-0.94175,4.14475
200,2.0,2.49975,-5.569,4.15625
201,2.0,-0.78325,-0.94175,4.14475
202,2.0,2.49975,-5.569,4.15625
203,2.0,-0.78325,-0.94175,4.14475
204,2.0,1.3045,-6.463,4.2405
205,2.0,-0.78325,-0.94175,4.14475
206,2.0,1.3045,-6.463,4.2405
207,2.0,-0.78325,-0.94175,4.14475
208,2.0,3.413,-0.43925,4.25975
209,2.0,-0.78325,-0.94175,4.14475
210,2.0,3.413,-0.43925,4.25975
211,2.0,-0.78325,-0.94175,4.14475
212,2.0,2.589,-0.8145,4.27375
213,2.0,-0.78325,-0.94175,4.14475
214,2.0,2.589,-0.8145,4.27375
215,2.0,-0.78325,-0.94175,4.14475
216,2.0,0.83725,-0.1655,1.9395
217,2.0,-0.78325,-0.94175,4.14475
218,2.0,0.83725,-0.1655,1.9395
219,2.0,-0.78325,-0.94175,4.14475
220,2.0,-0.10925,-0.15175,-0.99425
221,2.0,-0.78325,-0.94175,4.14475
222,2.0,-0.10925,-0.15175,-0.99425
223,2.0,-0.78325,-0.94175,4.14475
224,2.0,-0.53025,0.11375,-1.81
225,2.0,-0.78325,-0.94175,4.14475
226,2.0,-0.53025,0.11375,-1.81
227,2.0,-0.78325,-0.94175,4.14475
228,2.0,-0.53025,0.11375,-1.81
229,2.0,-0.78325,-0.94175,4.14475
230,2.0,-0.45175,0.634,-1.4185
231,2.0,-0.78325,-0.94175,4.14475
232,2.0,-0.45175,0.634,-1.4185
233,2.0,-0.78325,-0.94175,4.14475
234,2.0,-0.45175,0.634,-1.4185
235,2.0,-0.78325,-0.94175,4.14475
236,2.0,-1.6155,-0.01225,-1.4375
237,2.0,-0.78325,-0.94175,4.14475
238,2.0,-1.6155,-0.01225,-1.4375
239,2.0,-0.78325,-0.94175,4.14475
240,2.0,-2.1325,-0.031,-1.16075
241,2.0,-0.78325,-0.94175,4.14475
242,2.0,-2.1325,-0.031,-1.16075
243,2.0,-0.78325,-0.94175,4.14475
244,2.0,-1.06275,0.851,-0.27325
245,2.0,-0.78325,-0.94175,4.14475
246,2.0,-1.06275,0.851,-0.27325
247,2.0,-0.78325,-0.94175,4.14475
248,2.0,0.3405,0.9605,-0.12025
249,2.0,-0.78325,-0.94175,4.14475
250,2.0,0.3405,0.9605,-0.12025
251,2.0,-0.78325,-0.94175,4.14475
252,2.0,0.3405,0.9605,-0.12025
253,2.0,-0.78325,-0.94175,4.14475
254,2.0,0.60175,0.483,-1.00775
255,2.0,-0.78325,-0.94175,4.14475
256,2.0,0.60175,0.483,-1.00775
257,2.0,-0.78325,-0.94175,4.14475
258,2.0,0.1495,0.45325,-1.545
259,2.0,-0.78325,-0.94175,4.14475
260,2.0,0.1495,0.45325,-1.545
261,2.0,-0.78325,-0.94175,4.14475
262,2.0,-0.0965,0.493,-1.80175
263,2.0,-0.78325,-0.94175,4.14475
264,2.0,-0.0965,0.493,-1.80175
265,2.0,-0.78325,-0.94175,4.14475
266,2.0,-0.0965,0.493,-1.80175
267,2.0,-0.78325,-0.94175,4.14475
268,2.0,-0.0655,1.0605,-1.8665
269,2.0,-0.78325,-0.94175,4.14475
270,2.0,-0.0655,1.0605,-1.8665
271,2.0,1.14,1.53825,-6.8765
272,2.0,-0.12175,1.219,-2.20875
273,2.0,1.14,1.53825,-6.8765
274,2.0,-0.12175,1.219,-2.20875
275,2.0,1.14,1.53825,-6.8765
276,2.0,-0.16,1.305,-2.36675
277,2.0,1.14,1.53825,-6.8765
278,2.0,-0.16,1.305,-2.36675
279,2.0,1.14,1.53825,-6.8765
280,2.0,-0.09975,1.386,-2.55
281,2.0,1.14,1.53825,-6.8765
282,2.0,-0.09975,1.386,-2.55
283,2.0,1.14,1.53825,-6.8765
284,2.0,0.0265,1.43425,-2.46625
285,2.0,1.14,1.53825,-6.8765
286,2.0,0.0265,1.43425,-2.46625
287,2.0,1.14,1.53825,-6.8765
288,2.0,0.19775,1.392,-2.224
289,2.0,1.14,1.53825,-6.8765
290,2.0,0.19775,1.392,-2.224
291,2.0,1.14,1.53825,-6.8765
292,2.0,0.27575,1.34225,-1.98175
293,2.0,1.14,1.53825,-6.8765
294,2.0,0.27575,1.34225,-1.98175
295,2.0,1.14,1.53825,-6.8765
296,2.0,0.15275,1.342,-1.80775
297,2.0,1.14,1.53825,-6.8765
298,2.0,0.15275,1.342,-1.80775
299,2.0,1.14,1.53825,-6.8765
300,2.0,0.08225,1.4225,-1.6165
301,2.0,1.14,1.53825,-6.8765
302,2.0,0.08225,1.4225,-1.6165
303,2.0,1.14,1.53825,-6.8765
304,2.0,0.125,1.1655,-1.193
305,2.0,1.14,1.53825,-6.8765
306,2.0,0.125,1.1655,-1.193
307,2.0,1.14,1.53825,-6.8765
308,2.0,0.50425,1.41775,-0.48225
309,2.0,1.14,1.53825,-6.8765
310,2.0,0.50425,1.41775,-0.48225
311,2.0,1.14,1.53825,-6.8765
312,2.0,0.50425,1.41775,-0.48225
313,2.0,1.14,1.53825,-6.8765
314,2.0,-5.29175,-3.791,-3.479
315,2.0,1.14,1.53825,-6.8765
316,2.0,-5.29175,-3.791,-3.479
317,2.0,1.14,1.53825,-6.8765
318,2.0,-0.921,1.07375,3.5825
319,2.0,1.14,1.53825,-6.8765
320,2.0,-0.921,1.07375,3.5825
321,2.0,1.14,1.53825,-6.8765
322,2.0,3.61375,7.69575,4.5125
323,2.0,1.14,1.53825,-6.8765
324,2.0,3.61375,7.69575,4.5125
325,2.0,1.14,1.53825,-6.8765
326,2.0,1.332,-5.935,4.07525
327,2.0,1.14,1.53825,-6.8765
328,2.0,1.332,-5.935,4.07525
329,2.0,1.14,1.53825,-6.8765
330,2.0,3.552,-0.2875,4.2825
331,2.0,1.14,1.53825,-6.8765
332,2.0,3.552,-0.2875,4.2825
333,2.0,1.14,1.53825,-6.8765
334,2.0,1.937,-1.1645,4.24425
335,2.0,1.14,1.53825,-6.8765
336,2.0,-0.55425,-0.49975,-1.00825
337,2.0,1.14,1.53825,-6.8765
338,2.0,-1.88125,-0.464,-2.16225
339,2.0,1.14,1.53825,-6.8765
340,2.0,-2.10725,-0.11,-2.0135
341,2.0,1.14,1.53825,-6.8765
342,2.0,1.32,0.45,-1.295
343,2.0,1.14,1.53825,-6.8765
344,2.0,1.28775,0.278,-1.827
345,2.0,1.14,1.53825,-6.8765
346,2.0,-0.12325,0.69175,-1.75625
347,2.0,1.14,1.53825,-6.8765
348,2.0,-0.771,1.52225,-2.263
349,2.0,1.14,1.53825,-6.8765
350,2.0,-0.262,1.4275,-2.36875
351,2.0,1.14,1.53825,-6.8765
352,2.0,-0.1165,1.259,-2.036
353,2.0,1.14,1.53825,-6.8765
354,2.0,-0.1955,1.29775,-1.4145
355,2.0,1.14,1.53825,-6.8765
356,2.0,-1.29,0.884,-1.3655
357,2.0,1.14,1.53825,-6.8765
358,2.0,4.20425,-7.8395,3.80225
359,2.0,1.14,1.53825,-6.8765
360,2.0,2.267,-1.06525,4.29075
361,2.0,1.14,1.53825,-6.8765
362,2.0,-0.217,-0.2345,2.54725
363,2.0,1.14,1.53825,-6.8765
364,2.0,-1.058,0.06525,-1.34125
365,2.0,1.14,1.53825,-6.8765
366,2.0,-0.20425,1.23025,-0.41025
367,2.0,1.14,1.53825,-6.8765
368,2.0,-1.48175,-0.44425,-1.3155
369,2.0,1.14,1.53825,-6.8765
370,2.0,-0.42375,1.12875,-0.74925
371,2.0,1.14,1.53825,-6.8765
372,2.0,-0.2555,0.276,-1.72825
373,2.0,-0.025,-0.5715,2.11125
374,2.0,-0.455,0.8815,-1.65925
375,2.0,-0.025,-0.5715,2.11125
376,2.0,-0.51325,1.5255,-1.9735
377,2.0,-0.025,-0.5715,2.11125
378,2.0,-0.18375,1.35175,-2.08075
379,2.0,-0.025,-0.5715,2.11125
380,2.0,0.05,1.18625,-1.8005
381,2.0,-0.025,-0.5715,2.11125
382,2.0,-0.00475,0.974,-1.742
383,2.0,-0.025,-0.5715,2.11125
384,2.0,-1.557,0.46625,1.64975
385,2.0,-0.025,-0.5715,2.11125
386,2.0,4.12375,-4.7315,3.96675
387,2.0,-0.025,-0.5715,2.11125
388,2.0,1.093,-2.79725,4.105
389,2.0,-0.025,-0.5715,2.11125
390,2.0,2.39675,-2.135,4.18775
391,2.0,-0.025,-0.5715,2.11125
392,2.0,-0.35325,-1.4495,1.2305
393,2.0,-0.025,-0.5715,2.11125
394,2.0,-0.31825,0.48925,-0.71625
395,2.0,-0.025,-0.5715,2.11125
396,2.0,-1.4685,-0.1285,-2.21925
397,2.0,-0.025,-0.5715,2.11125
398,2.0,-0.4605,0.97725,-0.9945
399,2.0,-0.025,-0.5715,2.11125
400,2.0,1.1945,0.6325,-0.66425
401,2.0,-0.025,-0.5715,2.11125
402,2.0,0.89375,-0.06975,-1.06075
403,2.0,-0.025,-0.5715,2.11125
404,2.0,0.36525,0.8375,-1.48025
405,2.0,-0.025,-0.5715,2.11125
406,2.0,-0.2565,1.2165,-2.11225
407,2.0,-0.025,-0.5715,2.11125
408,2.0,-0.1745,1.24025,-1.9585
409,2.0,-0.025,-0.5715,2.11125
410,2.0,-0.13175,1.32775,-1.512
411,2.0,-0.025,-0.5715,2.11125
412,2.0,-0.462,1.47425,-1.237
413,2.0,-0.025,-0.5715,2.11125
414,2.0,-0.63675,1.538,-1.1475
415,2.0,-0.025,-0.5715,2.11125
416,2.0,-0.58725,1.28475,-0.86725
417,2.0,-0.025,-0.5715,2.11125
418,2.0,-1.35375,0.45775,-1.22525
419,2.0,-0.025,-0.5715,2.11125
420,2.0,0.0225,-3.75575,1.885
421,2.0,-0.025,-0.5715,2.11125
422,2.0,5.53825,-1.16325,4.50775
423,2.0,-0.025,-0.5715,2.11125
424,2.0,-1.4035,0.887,-2.66975
425,2.0,-0.025,-0.5715,2.11125
426,2.0,-0.1235,0.9185,-2.78325
427,2.0,-0.1305,-0.411,1.805
428,2.0,0.27875,0.092,-0.56575
429,2.0,-0.1305,-0.411,1.805
430,2.0,-0.56225,-0.2045,-0.6075
431,2.0,-0.1305,-0.411,1.805
432,2.0,-1.95675,0.23275,-0.92475
433,2.0,-0.1305,-0.411,1.805
434,2.0,-0.19725,0.478,-1.81625
435,2.0,-0.1305,-0.411,1.805
436,2.0,-0.618,0.81275,-1.5365
437,2.0,-0.1305,-0.411,1.805
438,2.0,-0.9955,1.5035,-2.0275
439,2.0,-0.1305,-0.411,1.805
440,2.0,-0.82975,1.4595,-1.9285
441,2.0,-0.1305,-0.411,1.805
442,2.0,-0.04975,0.943,-1.39825
443,2.0,-0.1305,-0.411,1.805
444,2.0,0.39125,0.98,-1.00775
445,2.0,-0.1305,-0.411,1.805
446,2.0,7.8435,7.869,4.16775
447,2.0,-0.1305,-0.411,1.805
448,2.0,3.54175,-4.50225,4.17625
449,2.0,-0.1305,-0.411,1.805
450,2.0,0.7935,-2.87775,4.16125
451,2.0,-0.1305,-0.411,1.805
452,2.0,-2.09925,2.07925,0.69075
453,2.0,-0.1305,-0.411,1.805
454,2.0,-3.1005,1.02125,-4.383
455,2.0,-0.1305,-0.411,1.805
456,2.0,-1.7975,1.2785,-3.3735
457,2.0,-0.1305,-0.411,1.805
458,2.0,0.2955,1.33775,-1.729
459,2.0,-0.1305,-0.411,1.805
460,2.0,0.13675,0.16175,-1.7995
461,2.0,-0.1305,-0.411,1.805
462,2.0,-0.35125,1.622,-3.04375
463,2.0,-0.1305,-0.411,1.805
464,2.0,-0.2295,1.893,-3.30525
465,2.0,-0.1305,-0.411,1.805
466,2.0,0.08325,2.0035,-2.74825
467,2.0,-0.1305,-0.411,1.805
468,2.0,0.95875,1.8925,-1.15875
469,2.0,-0.1305,-0.411,1.805
470,2.0,-3.67925,-2.6165,-4.6755
471,2.0,-0.1305,-0.411,1.805
472,2.0,2.014,-7.3765,3.91125
473,2.0,-0.1305,-0.411,1.805
474,2.0,4.03025,-3.60125,4.158
475,2.0,-0.1305,-0.411,1.805
476,2.0,2.206,-2.97375,2.89975
477,2.0,-0.676,-0.30675,1.703
478,2.0,1.05375,-1.37,0.81575
479,2.0,-0.676,-0.30675,1.703
480,2.0,-1.55125,0.61325,-1.882
481,2.0,-0.676,-0.30675,1.703
482,2.0,-2.74325,0.51125,-4.43225
483,2.0,-0.676,-0.30675,1.703
484,2.0,1.736,0.8345,-2.1985
485,2.0,-0.676,-0.30675,1.703
486,2.0,0.7145,0.7055,-1.78175
487,2.0,-0.676,-0.30675,1.703
488,2.0,-0.78025,2.388,-2.8785
489,2.0,-0.676,-0.30675,1.703
490,2.0,0.266,2.0675,-1.475
491,2.0,-0.676,-0.30675,1.703
492,2.0,-3.26325,-1.253,-2.5925
493,2.0,-0.676,-0.30675,1.703
494,2.0,0.31425,-3.2805,4.092
495,2.0,-0.676,-0.30675,1.703
496,2.0,4.40075,-1.892,4.501
497,2.0,-0.676,-0.30675,1.703
498,2.0,-0.85025,1.529,-1.30875
499,2.0,-0.676,-0.30675,1.703
500,2.0,-2.93325,-0.5525,-3.641
501,2.0,-0.676,-0.30675,1.703
502,2.0,1.65525,0.442,-1.3615
503,2.0,-0.676,-0.30675,1.703
504,2.0,0.059,0.1875,-2.13275
505,2.0,-0.676,-0.30675,1.703
506,2.0,-0.50125,0.862,-2.53325
507,2.0,-0.676,-0.30675,1.703
508,2.0,-0.91975,1.754,-2.82125
509,2.0,-0.676,-0.30675,1.703
510,2.0,-0.04875,1.749,-1.7365
511,2.0,-0.676,-0.30675,1.703
512,2.0,0.15625,1.4785,-1.37125
513,2.0,-0.676,-0.30675,1.703
514,2.0,0.41675,1.75825,-0.83675
515,2.0,-0.676,-0.30675,1.703
516,2.0,4.09875,-7.96525,4.0815
517,2.0,-0.676,-0.30675,1.703
518,2.0,3.96,-2.6145,4.47425
519,2.0,-0.676,-0.30675,1.703
520,2.0,0.44525,-0.11075,-2.393
521,2.0,-0.51125,-1.01875,2.81575
522,2.0,-2.9995,0.01675,-3.43325
523,2.0,-0.51125,-1.01875,2.81575
524,2.0,1.28725,0.521,-1.2095
525,2.0,-0.51125,-1.01875,2.81575
526,2.0,-0.88075,1.47375,-2.533
527,2.0,-0.51125,-1.01875,2.81575
528,2.0,-0.527,1.75,-2.7765
529,2.0,-0.51125,-1.01875,2.81575
530,2.0,0.178,1.312,-1.56075
531,2.0,-0.51125,-1.01875,2.81575
532,2.0,0.35575,2.26525,-0.50925
533,2.0,-0.51125,-1.01875,2.81575
534,2.0,7.463,7.6885,4.62225
535,2.0,-0.51125,-1.01875,2.81575
536,2.0,7.856,1.293,4.52275
537,2.0,-0.51125,-1.01875,2.81575
538,2.0,0.43275,0.95925,-2.54475
539,2.0,-0.51125,-1.01875,2.81575
540,2.0,-0.55475,-0.4525,-0.6135
541,2.0,-0.51125,-1.01875,2.81575
542,2.0,-1.0095,2.17475,-1.84125
543,2.0,-0.51125,-1.01875,2.81575
544,2.0,-0.67325,0.07475,-1.53275
545,2.0,-0.51125,-1.01875,2.81575
546,2.0,-0.103,1.2425,-1.8315
547,2.0,-0.51125,-1.01875,2.81575
548,2.0,-0.386,1.43975,-2.5405
549,2.0,-0.51125,-1.01875,2.81575
550,2.0,-0.584,1.69075,-2.7745
551,2.0,-0.51125,-1.01875,2.81575
552,2.0,0.02,1.306,-1.98975
553,2.0,-0.51125,-1.01875,2.81575
554,2.0,-0.6965,2.846,1.96675
555,2.0,-0.51125,-1.01875,2.81575
556,2.0,6.13775,-7.26675,2.84125
557,2.0,0.0295,0.05325,0.31075
558,2.0,2.73475,-3.259,4.201
559,2.0,0.0295,0.05325,0.31075
560,2.0,0.168,-1.486,4.144
561,2.0,0.0295,0.05325,0.31075
562,2.0,0.33325,0.38725,-0.90675
563,2.0,0.0295,0.05325,0.31075
564,2.0,-2.242,0.2605,-3.89975
565,2.0,0.0295,0.05325,0.31075
566,2.0,-0.88825,1.88575,-3.14975
567,2.0,0.0295,0.05325,0.31075
568,2.0,-0.39475,0.831,-1.75075
569,2.0,0.0295,0.05325,0.31075
570,2.0,-0.8635,2.09075,-2.51075
571,2.0,0.0295,0.05325,0.31075
572,2.0,-0.45975,1.67625,-2.63175
573,2.0,0.0295,0.05325,0.31075
574,2.0,-0.409,1.2135,-1.27825
575,2.0,0.0295,0.05325,0.31075
576,2.0,-2.5465,0.34,-1.51925
577,2.0,0.0295,0.05325,0.31075
578,2.0,4.84725,7.68775,4.75625
579,2.0,0.0295,0.05325,0.31075
580,2.0,-1.87575,-0.824,-0.06325
581,2.0,0.0295,0.05325,0.31075
582,2.0,0.08125,0.34675,-1.48025
583,2.0,0.0295,0.05325,0.31075
584,2.0,-2.18075,-0.28575,-2.90125
585,2.0,0.0295,0.05325,0.31075
586,2.0,-2.27925,0.6525,-2.651
587,2.0,0.0295,0.05325,0.31075
588,2.0,0.64175,1.29425,-2.17575
589,2.0,0.0295,0.05325,0.31075
590,2.0,-0.2475,0.21025,-2.127
591,2.0,0.0295,0.05325,0.31075
592,2.0,-0.713,1.503,-2.54875
593,2.0,0.0295,0.05325,0.31075
594,2.0,-0.34425,1.91325,-2.948
595,2.0,0.0295,0.05325,0.31075
596,2.0,0.06,1.48525,-2.0905
597,2.0,0.0295,0.05325,0.31075
598,2.0,0.26925,1.05775,-1.677
599,2.0,-0.03525,2.7075,-7.2505
600,2.0,2.14075,-1.14175,3.16675
601,2.0,-0.03525,2.7075,-7.2505
602,2.0,2.2565,-4.12675,4.313
603,2.0,-0.03525,2.7075,-7.2505
604,2.0,-0.23775,1.4375,-2.72575
605,2.0,-0.03525,2.7075,-7.2505
606,2.0,-1.279,-0.32525,-2.424
607,2.0,-0.03525,2.7075,-7.2505
608,2.0,0.1945,1.4565,-1.36725
609,2.0,-0.03525,2.7075,-7.2505
610,2.0,-0.8005,0.05225,-1.5825
611,2.0,-0.03525,2.7075,-7.2505
612,2.0,-0.582,0.945,-1.95625
613,2.0,-0.03525,2.7075,-7.2505
614,2.0,-0.51725,1.485,-2.7715
615,2.0,-0.03525,2.7075,-7.2505
616,2.0,-0.24525,1.339,-2.68125
617,2.0,-0.03525,2.7075,-7.2505
618,2.0,0.07575,1.2505,-2.02125
619,2.0,-0.03525,2.7075,-7.2505
620,2.0,0.2735,1.34025,-1.5205
621,2.0,-0.03525,2.7075,-7.2505
622,2.0,-2.9835,2.16275,1.61175
623,2.0,-0.03525,2.7075,-7.2505
624,2.0,4.9225,-2.32575,4.466
625,2.0,-0.03525,2.7075,-7.2505
626,2.0,2.24825,-1.7245,4.3285
627,2.0,-0.03525,2.7075,-7.2505
628,2.0,-0.092,1.03125,-1.363
629,2.0,-0.03525,2.7075,-7.2505
630,2.0,-0.904,0.65525,-2.01275
631,2.0,-0.03525,2.7075,-7.2505
632,2.0,0.38675,0.0605,-1.51475
633,2.0,-0.03525,2.7075,-7.2505
634,2.0,-0.32725,0.822,-2.01875
635,2.0,0.13125,-0.41975,2.36375
636,2.0,-0.58025,1.84375,-2.869
637,2.0,0.13125,-0.41975,2.36375
638,2.0,-0.51075,1.60625,-2.5125
639,2.0,0.13125,-0.41975,2.36375
640,2.0,-0.54775,1.23425,-1.81275
641,2.0,0.13125,-0.41975,2.36375
642,2.0,-2.3825,-0.21725,-1.644
643,2.0,0.13125,-0.41975,2.36375
644,2.0,7.41275,-5.978,4.76225
645,2.0,0.13125,-0.41975,2.36375
646,2.0,-0.1405,-0.449,-3.03275
647,2.0,0.13125,-0.41975,2.36375
648,2.0,-3.09125,-1.5665,-1.584
649,2.0,0.13125,-0.41975,2.36375
650,2.0,0.02525,0.43525,-1.13125
651,2.0,0.13125,-0.41975,2.36375
652,2.0,-0.077,0.699,-2.08375
653,2.0,0.13125,-0.41975,2.36375
654,2.0,0.0585,1.44675,-3.14625
655,2.0,0.13125,-0.41975,2.36375
656,2.0,-0.43875,1.92075,-2.976
657,2.0,0.13125,-0.41975,2.36375
658,2.0,-0.7605,2.432,-2.979
659,2.0,0.13125,-0.41975,2.36375
660,2.0,-0.1175,1.29725,-1.90725
661,2.0,0.13125,-0.41975,2.36375
662,2.0,-0.23925,3.38825,4.311
663,2.0,0.13125,-0.41975,2.36375
664,2.0,-1.02725,-2.33925,4.14775
665,2.0,0.13125,-0.41975,2.36375
666,2.0,0.065,1.7165,-3.7785
667,2.0,1.06525,-1.02725,3.1945
668,2.0,-1.543,-1.5315,-1.82875
669,2.0,1.06525,-1.02725,3.1945
670,2.0,-0.5975,0.9465,-3.3005
671,2.0,1.06525,-1.02725,3.1945
672,2.0,0.26525,1.422,-3.129
673,2.0,1.06525,-1.02725,3.1945
674,2.0,-0.30825,2.154,-3.8465
675,2.0,1.06525,-1.02725,3.1945
676,2.0,-0.38925,1.7,-2.97775
677,2.0,1.06525,-1.02725,3.1945
678,2.0,-0.038,0.87225,-1.68575
679,2.0,1.06525,-1.02725,3.1945
680,2.0,7.01675,7.39325,5.31525
681,2.0,1.06525,-1.02725,3.1945
682,2.0,0.46975,-0.6405,-6.7785
683,2.0,1.06525,-1.02725,3.1945
684,2.0,-3.76375,-0.95425,-5.2445
685,2.0,1.06525,-1.02725,3.1945
686,2.0,1.937,0.288,-0.5615
687,2.0,1.06525,-1.02725,3.1945
688,2.0,-0.604,1.3625,-1.8495
689,2.0,1.06525,-1.02725,3.1945
690,2.0,-0.5825,1.741,-3.22575
691,2.0,1.06525,-1.02725,3.1945
692,2.0,0.20375,2.128,-2.954
693,2.0,1.06525,-1.02725,3.1945
694,2.0,-0.2155,1.75575,-1.852
695,2.0,1.06525,-1.02725,3.1945
696,2.0,-1.98975,-7.1405,-2.95475
697,2.0,1.06525,-1.02725,3.1945
698,2.0,-2.04375,0.52825,4.0525
699,2.0,0.17,1.53875,-0.80175
700,2.0,1.2975,-0.6025,-0.10925
701,2.0,0.17,1.53875,-0.80175
702,2.0,-1.53375,-0.7575,1.65675
703,2.0,0.17,1.53875,-0.80175
704,2.0,-1.174,-0.01875,-1.96775
705,2.0,0.17,1.53875,-0.80175
706,2.0,0.11125,0.1685,-1.27575
707,2.0,0.17,1.53875,-0.80175
708,2.0,-0.5175,1.069,-1.477
709,2.0,0.17,1.53875,-0.80175
710,2.0,-0.19325,1.25875,-2.217
711,2.0,0.17,1.53875,-0.80175
712,2.0,0.10825,1.1265,-1.89825
713,2.0,0.17,1.53875,-0.80175
714,2.0,0.30025,0.6505,-0.66875
715,2.0,0.17,1.53875,-0.80175
716,2.0,-8.173,-6.98675,3.65875
717,2.0,0.17,1.53875,-0.80175
718,2.0,1.8885,-1.982,4.1085
719,2.0,0.17,1.53875,-0.80175
720,2.0,-1.973,-1.0145,-3.464
721,2.0,0.17,1.53875,-0.80175
722,2.0,2.0205,1.1625,-1.73025
723,2.0,0.17,1.53875,-0.80175
724,2.0,0.45275,0.61725,-1.9055
725,2.0,0.17,1.53875,-0.80175
726,2.0,-1.0025,2.569,-3.22575
727,2.0,0.17,1.53875,-0.80175
728,2.0,-0.23725,2.47,-2.66675
729,2.0,0.17,1.53875,-0.80175
730,2.0,-0.09125,1.31475,-2.29625
731,2.0,-1.827,-0.38125,1.22325
732,2.0,-5.8895,-5.7045,-6.61875
733,2.0,-1.827,-0.38125,1.22325
734,2.0,7.5165,-2.759,4.58125
735,2.0,-1.827,-0.38125,1.22325
736,2.0,-2.18725,1.31675,-6.723
737,2.0,-1.827,-0.38125,1.22325
738,2.0,-0.44775,0.40025,-1.24375
739,2.0,-1.827,-0.38125,1.22325
740,2.0,-3.0555,-1.4245,0.38
741,2.0,-1.827,-0.38125,1.22325
742,2.0,-0.61525,0.4125,-3.35
743,2.0,-1.827,-0.38125,1.22325
744,2.0,-0.0835,0.6805,-2.0175
745,2.0,-1.827,-0.38125,1.22325
746,2.0,-0.06425,1.2685,-2.7735
747,2.0,-1.827,-0.38125,1.22325
748,2.0,-0.44125,1.03175,-2.34
749,2.0,-1.827,-0.38125,1.22325
750,2.0,-0.14775,0.9635,-0.76925
751,2.0,-1.827,-0.38125,1.22325
752,2.0,-8.18025,6.802,5.34
753,2.0,-1.827,-0.38125,1.22325
754,2.0,-0.629,1.41875,-2.19625
755,2.0,-1.827,-0.38125,1.22325
756,2.0,-1.2495,0.766,-1.735
757,2.0,-1.827,-0.38125,1.22325
758,2.0,-0.59725,1.56425,-2.628
759,2.0,0.202,-0.0615,1.27875
760,2.0,-0.274,2.0915,-3.01425
761,2.0,0.202,-0.0615,1.27875
762,2.0,-0.39725,1.15075,-1.34475
763,2.0,0.202,-0.0615,1.27875
764,2.0,7.97925,1.492,4.42775
765,2.0,0.202,-0.0615,1.27875
766,2.0,-3.24825,0.348,-7.968
767,2.0,0.202,-0.0615,1.27875
768,2.0,-0.0015,0.15125,-1.33225
769,2.0,0.202,-0.0615,1.27875
770,2.0,-0.347,0.59275,-0.52125
771,2.0,0.202,-0.0615,1.27875
772,2.0,-0.36475,0.0215,-1.81525
773,2.0,0.202,-0.0615,1.27875
774,2.0,-0.55525,0.88275,-1.80575
775,2.0,0.202,-0.0615,1.27875
776,2.0,-0.49125,1.33,-2.19625
777,2.0,0.202,-0.0615,1.27875
778,2.0,-0.3845,0.8785,-0.989
779,2.0,0.202,-0.0615,1.27875
780,2.0,-5.213,-2.596,-3.126
781,2.0,0.202,-0.0615,1.27875
782,2.0,3.06225,-6.74225,3.78725
783,2.0,0.202,-0.0615,1.27875
784,2.0,0.016,-2.70225,2.34625
785,2.0,0.202,-0.0615,1.27875
786,2.0,-1.38,-0.68575,-3.9585
787,2.0,0.202,-0.0615,1.27875
788,2.0,-0.5835,2.57375,-1.60375
789,2.0,0.202,-0.0615,1.27875
790,2.0,-0.46925,0.484,-0.1775
791,2.0,0.18425,-1.22275,2.614
792,2.0,0.7665,1.2285,-2.98225
793,2.0,0.18425,-1.22275,2.614
794,2.0,-0.5145,1.86175,-3.11925
795,2.0,0.18425,-1.22275,2.614
796,2.0,-0.743,2.25975,-2.0
797,2.0,0.18425,-1.22275,2.614
798,2.0,-0.0125,1.276,-1.22
799,2.0,0.18425,-1.22275,2.614
800,2.0,3.91175,7.78775,1.90325
801,2.0,0.18425,-1.22275,2.614
802,2.0,0.66775,0.45025,4.252
803,2.0,0.18425,-1.22275,2.614
804,2.0,-0.418,2.1725,-1.90275
805,2.0,0.18425,-1.22275,2.614
806,2.0,-1.547,-0.66325,-3.2615
807,2.0,0.18425,-1.22275,2.614
808,2.0,-0.3625,0.382,-2.047
809,2.0,0.18425,-1.22275,2.614
810,2.0,0.02525,0.9105,-2.2535
811,2.0,0.18425,-1.22275,2.614
812,2.0,-1.317,1.94925,-3.19975
813,2.0,0.18425,-1.22275,2.614
814,2.0,-0.69425,1.7965,-1.78325
815,2.0,0.18425,-1.22275,2.614
816,2.0,-0.64725,1.58075,-1.35375
817,2.0,0.18425,-1.22275,2.614
818,2.0,4.6085,-4.874,2.96425
819,2.0,0.18425,-1.22275,2.614
820,2.0,1.73475,-3.867,4.08975
821,2.0,0.18425,-1.22275,2.614
822,2.0,-2.35,1.60375,-5.84175
823,2.0,-0.49675,-0.3775,1.4035
824,2.0,1.8375,-1.55125,1.6185
825,2.0,-0.49675,-0.3775,1.4035
826,2.0,-0.59575,-0.51375,0.177
827,2.0,-0.49675,-0.3775,1.4035
828,2.0,-0.13075,-0.17475,-1.10775
829,2.0,-0.49675,-0.3775,1.4035
830,2.0,-0.6525,0.49525,-0.8495
831,2.0,-0.49675,-0.3775,1.4035
832,2.0,-0.8795,1.60025,-1.57925
833,2.0,-0.49675,-0.3775,1.4035
834,2.0,-0.1245,1.3885,-2.304
835,2.0,-0.49675,-0.3775,1.4035
836,2.0,0.052,1.67775,-2.1765
837,2.0,-0.49675,-0.3775,1.4035
838,2.0,0.14625,1.62925,-1.57625
839,2.0,-0.49675,-0.3775,1.4035
840,2.0,-1.2,1.91,2.14925
841,2.0,-0.49675,-0.3775,1.4035
842,2.0,6.73475,-0.38425,3.98275
843,2.0,-0.49675,-0.3775,1.4035
844,2.0,-1.265,3.63625,-0.64475
845,2.0,-0.49675,-0.3775,1.4035
846,2.0,-0.713,-0.5805,-2.98675
847,2.0,-0.49675,-0.3775,1.4035
848,2.0,2.35625,0.9455,-2.98225
849,2.0,-0.49675,-0.3775,1.4035
850,2.0,0.494,1.4255,-1.36325
851,2.0,-0.49675,-0.3775,1.4035
852,2.0,-1.5185,2.598,-2.7095
853,2.0,-0.49675,-0.3775,1.4035
854,2.0,-0.432,1.99,-1.7565
855,2.0,0.89725,1.1855,-7.109
856,2.0,-0.20175,1.064,-1.0985
857,2.0,0.89725,1.1855,-7.109
858,2.0,1.87875,-3.03125,3.895
859,2.0,0.89725,1.1855,-7.109
860,2.0,3.11325,-2.32375,4.22075
861,2.0,0.89725,1.1855,-7.109
862,2.0,-1.349,3.6755,-1.35225
863,2.0,0.89725,1.1855,-7.109
864,2.0,0.31325,0.3505,-1.104
865,2.0,0.89725,1.1855,-7.109
866,2.0,0.36675,-0.336,-1.07525
867,2.0,0.89725,1.1855,-7.109
868,2.0,-1.81,1.8505,-2.001
869,2.0,0.89725,1.1855,-7.109
870,2.0,-0.4205,1.847,-2.08125
871,2.0,0.89725,1.1855,-7.109
872,2.0,-0.14075,2.00225,-1.51725
873,2.0,0.89725,1.1855,-7.109
874,2.0,0.32625,2.05975,-1.6475
875,2.0,0.89725,1.1855,-7.109
876,2.0,6.77025,-2.6805,3.205
877,2.0,0.89725,1.1855,-7.109
878,2.0,5.0385,-3.27175,4.16425
879,2.0,0.89725,1.1855,-7.109
880,2.0,-2.39175,-1.262,0.15975
881,2.0,0.89725,1.1855,-7.109
882,2.0,-0.146,0.2365,-1.459
883,2.0,0.89725,1.1855,-7.109
884,2.0,-1.655,1.44175,-1.6715
885,2.0,0.89725,1.1855,-7.109
886,2.0,-0.31275,0.561,-1.1345
887,2.0,0.09575,-0.66025,2.72125
888,2.0,0.14825,1.683,-2.51875
889,2.0,0.09575,-0.66025,2.72125
890,2.0,-0.45875,2.27125,-2.17525
891,2.0,0.09575,-0.66025,2.72125
892,2.0,-0.2065,1.861,-1.62375
893,2.0,0.09575,-0.66025,2.72125
894,2.0,-7.73475,-5.06275,-4.827
895,2.0,0.09575,-0.66025,2.72125
896,2.0,3.05675,-5.27875,4.07025
897,2.0,0.09575,-0.66025,2.72125
898,2.0,-0.86825,1.7325,-1.2205
899,2.0,0.09575,-0.66025,2.72125
900,2.0,-2.214,1.19125,-2.09475
901,2.0,0.09575,-0.66025,2.72125
902,2.0,1.88525,-0.96975,-1.35675
903,2.0,0.09575,-0.66025,2.72125
904,2.0,-0.92,1.58025,-1.849
905,2.0,0.09575,-0.66025,2.72125
906,2.0,-1.44375,2.80775,-1.7815
907,2.0,0.09575,-0.66025,2.72125
908,2.0,0.4855,1.75975,-1.15375
909,2.0,0.09575,-0.66025,2.72125
910,2.0,-7.2715,-7.43775,-6.97075
911,2.0,0.09575,-0.66025,2.72125
912,2.0,4.94775,7.37675,5.4625
913,2.0,0.09575,-0.66025,2.72125
914,2.0,2.70575,-2.805,3.35325
915,2.0,0.09575,-0.66025,2.72125
916,2.0,-3.52225,0.66,-2.223
917,2.0,0.09575,-0.66025,2.72125
918,2.0,1.4385,-0.4465,-1.38775
919,2.0,-0.2685,-0.8175,2.92725
920,2.0,0.15475,0.27225,-0.974
921,2.0,-0.2685,-0.8175,2.92725
922,2.0,-0.52775,1.70925,-1.8715
923,2.0,-0.2685,-0.8175,2.92725
924,2.0,0.04875,1.77525,-1.8475
925,2.0,-0.2685,-0.8175,2.92725
926,2.0,0.02375,1.26875,-1.4965
927,2.0,-0.2685,-0.8175,2.92725
928,2.0,5.861,-0.7465,3.94325
929,2.0,-0.2685,-0.8175,2.92725
930,2.0,-0.44775,-2.77975,3.918
931,2.0,-0.2685,-0.8175,2.92725
932,2.0,-2.4415,0.02,-4.15375
933,2.0,-0.2685,-0.8175,2.92725
934,2.0,1.737,0.035,-1.56275
935,2.0,-0.2685,-0.8175,2.92725
936,2.0,-0.34625,1.14,-0.4555
937,2.0,-0.2685,-0.8175,2.92725
938,2.0,-0.0395,1.8375,-2.77975
939,2.0,-0.2685,-0.8175,2.92725
940,2.0,-0.25175,2.038,-1.46075
941,2.0,-0.2685,-0.8175,2.92725
942,2.0,-0.107,1.405,-1.231
943,2.0,-0.2685,-0.8175,2.92725
944,2.0,-5.81675,-4.713,-4.9005
945,2.0,-0.2685,-0.8175,2.92725
946,2.0,4.69725,7.34325,5.16025
947,2.0,-0.2685,-0.8175,2.92725
948,2.0,2.99175,-2.927,4.1585
949,2.0,-0.951,0.06325,1.81275
950,2.0,-3.15625,0.67725,-1.913
951,2.0,-0.951,0.06325,1.81275
952,2.0,1.77,-0.555,-0.90375
953,2.0,-0.951,0.06325,1.81275
954,2.0,0.0295,0.407,-0.24875
955,2.0,-0.951,0.06325,1.81275
956,2.0,-0.191,1.0915,-1.14425
957,2.0,-0.951,0.06325,1.81275
958,2.0,0.447,1.333,-1.0265
959,2.0,-0.951,0.06325,1.81275
960,2.0,1.629,0.539,-0.47
961,2.0,-0.951,0.06325,1.81275
962,2.0,2.3415,5.7735,4.14725
963,2.0,-0.951,0.06325,1.81275
964,2.0,-0.8155,-1.31925,4.02875
965,2.0,-0.951,0.06325,1.81275
966,2.0,-1.81425,0.294,-2.0255
967,2.0,-0.951,0.06325,1.81275
968,2.0,-2.0835,0.8145,-3.56675
969,2.0,-0.951,0.06325,1.81275
970,2.0,0.1885,0.0995,-1.88775
971,2.0,-0.951,0.06325,1.81275
972,2.0,-0.6,2.8065,-1.72875
973,2.0,-0.951,0.06325,1.81275
974,2.0,0.0155,1.06275,-2.47475
975,2.0,-0.951,0.06325,1.81275
976,2.0,-0.59725,1.525,-2.56925
977,2.0,-0.951,0.06325,1.81275
978,2.0,-4.176,0.92925,-0.0865
979,2.0,-0.951,0.06325,1.81275
980,2.0,3.76475,-5.0625,4.29125
981,2.0,-0.3725,0.3115,-0.22825
982,2.0,1.32075,-1.61275,1.9395
983,2.0,-0.3725,0.3115,-0.22825
984,2.0,-3.47425,-0.14,-2.33925
985,2.0,-0.3725,0.3115,-0.22825
986,2.0,1.2175,0.46075,-1.957
987,2.0,-0.3725,0.3115,-0.22825
988,2.0,1.41325,-0.4415,-0.887
989,2.0,-0.3725,0.3115,-0.22825
990,2.0,-0.76475,1.8555,-1.26025
991,2.0,-0.3725,0.3115,-0.22825
992,2.0,-0.8365,2.4675,-1.2335
993,2.0,-0.3725,0.3115,-0.22825
994,2.0,-0.5885,1.681,-0.9735
995,2.0,-0.3725,0.3115,-0.22825
996,2.0,-0.63575,0.75675,-0.968
997,2.0,-0.3725,0.3115,-0.22825
998,2.0,-0.38975,0.457,-0.9925
999,2.0,-0.3725,0.3115,-0.22825
1000,2.0,-4.82625,-3.00875,-2.159
1001,2.0,-0.3725,0.3115,-0.22825
1002,2.0,0.05475,2.7005,3.575
1003,2.0,-0.3725,0.3115,-0.22825
1004,2.0,7.65125,7.005,5.6315
1005,2.0,-0.3725,0.3115,-0.22825
1006,2.0,-1.088,-0.91325,4.03425
1007,2.0,-0.3725,0.3115,-0.22825
1008,2.0,-2.043,-1.6695,1.52125
1009,2.0,-0.3725,0.3115,-0.22825
1010,2.0,-2.202,3.23725,-1.2985
1011,2.0,-0.3725,0.3115,-0.22825
1012,2.0,-3.15575,-0.37875,-4.58275
1013,2.0,-0.3725,0.3115,-0.22825
1014,2.0,-1.52125,-0.08325,-2.41675
1015,2.0,-0.3725,0.3115,-0.22825
1016,2.0,2.05425,-0.36775,0.14025
1017,2.0,-0.3725,0.3115,-0.22825
1018,2.0,0.46975,-0.43,-0.1385
1019,2.0,-0.3725,0.3115,-0.22825
1020,2.0,-0.986,1.18375,-0.38775
1021,2.0,-0.3725,0.3115,-0.22825
1022,2.0,-0.97675,1.62625,-1.25225
1023,2.0,-0.3725,0.3115,-0.22825
1024,2.0,-0.41425,1.64975,-2.2305
1025,2.0,-0.3725,0.3115,-0.22825
1026,2.0,0.33325,1.443,-2.2515
1027,2.0,3.37475,-1.12025,-4.18675
1028,2.0,0.4475,1.379,-2.132
1029,2.0,3.37475,-1.12025,-4.18675
1030,2.0,0.136,1.78475,-2.188
1031,2.0,3.37475,-1.12025,-4.18675
1032,2.0,0.046,2.06025,-2.25475
1033,2.0,3.37475,-1.12025,-4.18675
1034,2.0,0.22475,1.90175,-2.27375
1035,2.0,3.37475,-1.12025,-4.18675
1036,2.0,0.417,1.61925,-2.183
1037,2.0,3.37475,-1.12025,-4.18675
1038,2.0,-5.31275,-3.818,-4.94025
1039,2.0,3.37475,-1.12025,-4.18675
1040,2.0,7.82975,7.19175,3.35925
1041,2.0,3.37475,-1.12025,-4.18675
1042,2.0,4.873,7.3665,3.87975
1043,2.0,3.37475,-1.12025,-4.18675
1044,2.0,2.762,-3.3795,4.1815
1045,2.0,3.37475,-1.12025,-4.18675
1046,2.0,-3.433,-1.704,-3.3905
1047,2.0,3.37475,-1.12025,-4.18675
1048,2.0,-1.03275,1.86525,-2.43325
1049,2.0,3.37475,-1.12025,-4.18675
1050,2.0,-0.875,-0.67075,-3.045
1051,2.0,3.37475,-1.12025,-4.18675
1052,2.0,-1.53375,-0.73625,-2.88675
1053,2.0,3.37475,-1.12025,-4.18675
1054,2.0,0.625,0.77,-0.49725
1055,2.0,3.37475,-1.12025,-4.18675
1056,2.0,0.4815,0.4055,-1.318
1057,2.0,3.37475,-1.12025,-4.18675
1058,2.0,-0.85875,-0.14225,-1.4605
1059,2.0,3.37475,-1.12025,-4.18675
1060,2.0,-0.281,1.05775,-1.22375
1061,2.0,3.37475,-1.12025,-4.18675
1062,2.0,-0.20325,1.28975,-1.64525
1063,2.0,3.37475,-1.12025,-4.18675
1064,2.0,-0.4305,1.87675,-2.47825
1065,2.0,3.37475,-1.12025,-4.18675
1066,2.0,-0.4745,1.90025,-2.7115
1067,2.0,3.37475,-1.12025,-4.18675
1068,2.0,-0.1305,1.608,-2.368
1069,2.0,3.37475,-1.12025,-4.18675
1070,2.0,0.028,1.81375,-2.2285
1071,2.0,3.37475,-1.12025,-4.18675
1072,2.0,-0.145,1.848,-2.35575
1073,2.0,3.37475,-1.12025,-4.18675
1074,2.0,-0.3845,1.7375,-2.1775
1075,2.0,3.37475,-1.12025,-4.18675
1076,2.0,-0.355,1.327,-1.966
1077,2.0,3.37475,-1.12025,-4.18675
1078,2.0,-6.385,-3.97975,-5.3075
1079,2.0,3.37475,-1.12025,-4.18675
1080,2.0,5.00425,-6.8285,3.75225
1081,2.0,3.37475,-1.12025,-4.18675
1082,2.0,3.99725,7.469,4.8625
1083,2.0,3.37475,-1.12025,-4.18675
1084,2.0,4.99675,-3.69275,4.345
1085,2.0,3.37475,-1.12025,-4.18675
1086,2.0,3.09025,-3.01175,2.8355
1087,2.0,3.37475,-1.12025,-4.18675
1088,2.0,-0.2605,1.12225,0.20075
1089,2.0,3.37475,-1.12025,-4.18675
1090,2.0,-2.966,0.31325,-2.69475
1091,2.0,-0.8345,-1.015,3.33575
1092,2.0,-3.70675,-0.1695,-3.5805
1093,2.0,-0.8345,-1.015,3.33575
1094,2.0,1.1745,1.7825,-1.4055
1095,2.0,-0.8345,-1.015,3.33575
1096,2.0,2.43175,0.66825,-1.538
1097,2.0,-0.8345,-1.015,3.33575
1098,2.0,0.546,0.40925,-1.737
1099,2.0,-0.8345,-1.015,3.33575
1100,2.0,-0.4715,1.73725,-2.3205
1101,2.0,-0.8345,-1.015,3.33575
1102,2.0,-0.7935,1.89,-3.0105
1103,2.0,-0.8345,-1.015,3.33575
1104,2.0,-0.50925,2.00475,-3.16075
1105,2.0,-0.8345,-1.015,3.33575
1106,2.0,-0.2945,1.88825,-2.9405
1107,2.0,-0.8345,-1.015,3.33575
1108,2.0,-0.17,1.862,-2.04025
1109,2.0,-0.8345,-1.015,3.33575
1110,2.0,-0.266,1.88875,-1.865
1111,2.0,-0.8345,-1.015,3.33575
1112,2.0,-0.489,1.96,-1.62475
1113,2.0,-0.8345,-1.015,3.33575
1114,2.0,-0.8165,1.106,-0.8905
1115,2.0,-0.8345,-1.015,3.33575
1116,2.0,-7.74775,-4.2115,-4.381
1117,2.0,-0.8345,-1.015,3.33575
1118,2.0,7.3815,-6.14975,4.40525
1119,2.0,-0.8345,-1.015,3.33575
1120,2.0,6.58,7.90425,4.67925
1121,2.0,-0.8345,-1.015,3.33575
1122,2.0,-2.08925,1.1,-6.511
1123,2.0,-0.8345,-1.015,3.33575
1124,2.0,0.64,0.35875,-2.47375
1125,2.0,-0.8345,-1.015,3.33575
1126,2.0,0.18475,-0.52325,-0.9645
1127,2.0,-0.8345,-1.015,3.33575
1128,2.0,-1.4365,-1.57325,-1.68025
1129,2.0,-0.8345,-1.015,3.33575
1130,2.0,-2.388,-1.56575,-2.36275
1131,2.0,-0.8345,-1.015,3.33575
1132,2.0,-0.669,1.66575,-2.1365
1133,2.0,-0.8345,-1.015,3.33575
1134,2.0,-1.08325,0.13575,-2.599
1135,2.0,-0.8345,-1.015,3.33575
1136,2.0,-0.6635,0.74825,-1.8005
1137,2.0,-0.8345,-1.015,3.33575
1138,2.0,-0.0955,1.109,-2.29925
1139,2.0,-0.8345,-1.015,3.33575
1140,2.0,-0.26375,1.3055,-2.62725
1141,2.0,-0.8345,-1.015,3.33575
1142,2.0,-0.53875,1.63325,-2.8485
1143,2.0,-0.8345,-1.015,3.33575
1144,2.0,-0.494,1.6615,-2.695
1145,2.0,-0.8345,-1.015,3.33575
1146,2.0,-0.22775,1.17825,-2.37725
1147,2.0,-0.8345,-1.015,3.33575
1148,2.0,-0.132,1.1875,-2.387
1149,2.0,-0.8345,-1.015,3.33575
1150,2.0,-0.1275,1.19375,-2.1795
1151,2.0,-0.8345,-1.015,3.33575
1152,2.0,-5.84225,-0.33775,-2.276
1153,2.0,-0.8345,-1.015,3.33575
1154,2.0,5.4655,-0.67,4.2105
1155,2.0,0.75575,0.51425,-1.0065
1156,2.0,3.92425,-7.04875,3.8695
1157,2.0,0.75575,0.51425,-1.0065
1158,2.0,0.93925,-2.1,4.12475
1159,2.0,0.75575,0.51425,-1.0065
1160,2.0,-0.433,-1.5865,0.40975
1161,2.0,0.75575,0.51425,-1.0065
1162,2.0,-0.75775,1.859,-1.2315
1163,2.0,0.75575,0.51425,-1.0065
1164,2.0,-0.574,0.5955,-2.6835
1165,2.0,0.75575,0.51425,-1.0065
1166,2.0,-1.86075,-0.2065,-3.25275
1167,2.0,0.75575,0.51425,-1.0065
1168,2.0,-0.5175,0.578,-2.07075
1169,2.0,0.75575,0.51425,-1.0065
1170,2.0,1.73075,0.454,-1.37675
1171,2.0,0.75575,0.51425,-1.0065
1172,2.0,0.23825,-0.16975,-1.549
1173,2.0,0.75575,0.51425,-1.0065
1174,2.0,-0.61425,0.59,-1.05325
1175,2.0,0.75575,0.51425,-1.0065
1176,2.0,-0.582,1.212,-2.169
1177,2.0,0.75575,0.51425,-1.0065
1178,2.0,-0.57725,1.52925,-2.544
1179,2.0,0.75575,0.51425,-1.0065
1180,2.0,-0.413,1.66,-2.6175
1181,2.0,0.75575,0.51425,-1.0065
1182,2.0,-0.20525,1.61,-2.302
1183,2.0,0.75575,0.51425,-1.0065
1184,2.0,-0.06825,0.92775,-1.9505
1185,2.0,0.75575,0.51425,-1.0065
1186,2.0,-0.5185,1.18075,-1.658
1187,2.0,0.75575,0.51425,-1.0065
1188,2.0,-0.62625,0.9895,-1.3795
1189,2.0,0.75575,0.51425,-1.0065
1190,2.0,-4.42925,-1.4505,-2.826
1191,2.0,0.75575,0.51425,-1.0065
1192,2.0,-3.27025,1.1085,1.34525
1193,2.0,0.75575,0.51425,-1.0065
1194,2.0,4.9875,6.92325,5.20775
1195,2.0,0.75575,0.51425,-1.0065
1196,2.0,4.0975,7.12675,4.99525
1197,2.0,0.75575,0.51425,-1.0065
1198,2.0,2.235,0.1325,4.3585
1199,2.0,0.75575,0.51425,-1.0065
1200,2.0,-2.3985,0.37325,-1.312
1201,2.0,0.75575,0.51425,-1.0065
1202,2.0,-0.859,1.1615,-2.0065
1203,2.0,0.75575,0.51425,-1.0065
1204,2.0,-0.10325,0.062,-2.133
1205,2.0,0.75575,0.51425,-1.0065
1206,2.0,-0.3505,-0.06725,-1.44425
1207,2.0,0.75575,0.51425,-1.0065
1208,2.0,-0.1315,0.578,0.33475
1209,2.0,0.75575,0.51425,-1.0065
1210,2.0,-0.3225,0.5535,-1.3865
1211,2.0,0.75575,0.51425,-1.0065
1212,2.0,-0.11775,0.62175,-1.83
1213,2.0,0.75575,0.51425,-1.0065
1214,2.0,0.28375,0.70225,-2.5685
1215,2.0,0.75575,0.51425,-1.0065
1216,2.0,0.49625,1.02225,-2.7165
1217,2.0,0.75575,0.51425,-1.0065
1218,2.0,-0.2655,1.62275,-2.33625
1219,2.0,2.90025,-2.44425,-8.196
1220,2.0,-0.81425,1.712,-2.21375
1221,2.0,2.90025,-2.44425,-8.196
1222,2.0,-0.95525,1.827,-1.92975
1223,2.0,2.90025,-2.44425,-8.196
1224,2.0,-0.469,1.234,-0.9685
1225,2.0,2.90025,-2.44425,-8.196
1226,2.0,-6.33575,-1.81125,-2.8705
1227,2.0,2.90025,-2.44425,-8.196
1228,2.0,3.0405,-3.99925,4.35225
1229,2.0,2.90025,-2.44425,-8.196
1230,2.0,2.66625,-2.12,4.40375
1231,2.0,2.90025,-2.44425,-8.196
1232,2.0,0.621,-0.5025,1.1025
1233,2.0,2.90025,-2.44425,-8.196
1234,2.0,-0.70925,-0.0265,-0.71175
1235,2.0,2.90025,-2.44425,-8.196
1236,2.0,-1.5855,0.11225,-3.36775
1237,2.0,2.90025,-2.44425,-8.196
1238,2.0,-2.00875,1.592,-3.4995
1239,2.0,2.90025,-2.44425,-8.196
1240,2.0,-0.4515,2.22,-2.191
1241,2.0,2.90025,-2.44425,-8.196
1242,2.0,0.01625,0.3565,-2.0085
1243,2.0,2.90025,-2.44425,-8.196
1244,2.0,-0.25325,0.82975,-1.93975
1245,2.0,2.90025,-2.44425,-8.196
1246,2.0,0.0695,1.511,-2.35425
1247,2.0,2.90025,-2.44425,-8.196
1248,2.0,0.29225,1.70875,-3.17175
1249,2.0,2.90025,-2.44425,-8.196
1250,2.0,0.27275,1.71,-3.33875
1251,2.0,2.90025,-2.44425,-8.196
1252,2.0,-0.08375,1.6495,-2.98675
1253,2.0,2.90025,-2.44425,-8.196
1254,2.0,-0.194,1.49275,-1.99925
1255,2.0,2.90025,-2.44425,-8.196
1256,2.0,-0.591,1.354,-1.73625
1257,2.0,2.90025,-2.44425,-8.196
1258,2.0,-1.4185,1.39125,-0.5265
1259,2.0,2.90025,-2.44425,-8.196
1260,2.0,7.73225,-7.8595,-3.43575
1261,2.0,2.90025,-2.44425,-8.196
1262,2.0,6.94525,7.0495,5.43
1263,2.0,2.90025,-2.44425,-8.196
1264,2.0,6.507,7.26675,5.31325
1265,2.0,2.90025,-2.44425,-8.196
1266,2.0,2.36725,-0.867,4.4835
1267,2.0,2.90025,-2.44425,-8.196
1268,2.0,-0.63325,-1.724,1.26
1269,2.0,2.90025,-2.44425,-8.196
1270,2.0,-1.87825,2.0645,-0.70675
1271,2.0,2.90025,-2.44425,-8.196
1272,2.0,-1.159,0.167,-2.1615
1273,2.0,2.90025,-2.44425,-8.196
1274,2.0,-1.5555,0.00675,-2.62275
1275,2.0,2.90025,-2.44425,-8.196
1276,2.0,-0.22575,0.86875,-1.57725
1277,2.0,2.90025,-2.44425,-8.196
1278,2.0,0.53825,0.73925,-1.31525
1279,2.0,2.90025,-2.44425,-8.196
1280,2.0,-0.40475,0.0085,-1.52675
1281,2.0,-0.3335,-0.94575,3.1865
1282,2.0,-0.84425,0.689,-1.3695
1283,2.0,-0.3335,-0.94575,3.1865
1284,2.0,-1.3885,1.77675,-1.73225
1285,2.0,-0.3335,-0.94575,3.1865
1286,2.0,-1.0055,1.83975,-2.06475
1287,2.0,-0.3335,-0.94575,3.1865
1288,2.0,-0.57225,1.60025,-2.212
1289,2.0,-0.3335,-0.94575,3.1865
1290,2.0,0.035,1.13925,-1.91025
1291,2.0,-0.3335,-0.94575,3.1865
1292,2.0,0.1185,1.16075,-1.73025
1293,2.0,-0.3335,-0.94575,3.1865
1294,2.0,-0.046,0.75025,-1.84075
1295,2.0,-0.3335,-0.94575,3.1865
1296,2.0,0.2135,0.86625,-1.486
1297,2.0,-0.3335,-0.94575,3.1865
1298,2.0,0.8255,3.5755,2.34475
1299,2.0,-0.3335,-0.94575,3.1865
1300,2.0,7.5375,7.33025,4.65625
1301,2.0,-0.3335,-0.94575,3.1865
1302,2.0,7.5295,-1.2815,4.67525
1303,2.0,-0.3335,-0.94575,3.1865
1304,2.0,-4.19,0.75825,3.368
1305,2.0,-0.3335,-0.94575,3.1865
1306,2.0,-3.43525,1.44275,-4.63975
1307,2.0,-0.3335,-0.94575,3.1865
1308,2.0,0.158,0.756,-4.814
1309,2.0,-0.3335,-0.94575,3.1865
1310,2.0,1.30875,-0.5825,-2.80225
1311,2.0,-0.3335,-0.94575,3.1865
1312,2.0,-0.57525,-1.9305,-0.19225
1313,2.0,-0.3335,-0.94575,3.1865
1314,2.0,0.60775,0.272,1.7585
1315,2.0,-0.3335,-0.94575,3.1865
1316,2.0,0.487,0.07325,-0.1425
1317,2.0,-0.3335,-0.94575,3.1865
1318,2.0,0.143,0.192,-1.6025
1319,2.0,-0.3335,-0.94575,3.1865
1320,2.0,0.47525,0.53,-1.51625
1321,2.0,-0.3335,-0.94575,3.1865
1322,2.0,0.39825,0.76625,-1.4005
1323,2.0,-0.3335,-0.94575,3.1865
1324,2.0,0.48875,0.86625,-1.12975
1325,2.0,-0.3335,-0.94575,3.1865
1326,2.0,-0.25575,0.95725,-1.402
1327,2.0,-0.3335,-0.94575,3.1865
1328,2.0,-1.1455,1.68725,-1.682
1329,2.0,-0.3335,-0.94575,3.1865
1330,2.0,-1.37475,1.69,-1.9115
1331,2.0,-0.3335,-0.94575,3.1865
1332,2.0,-1.30375,1.5585,-1.89725
1333,2.0,-0.3335,-0.94575,3.1865
1334,2.0,-1.226,1.5865,-1.6575
1335,2.0,-0.3335,-0.94575,3.1865
1336,2.0,-1.276,1.095,-1.01575
1337,2.0,-0.3335,-0.94575,3.1865
1338,2.0,-4.9935,-2.58875,-2.379
1339,2.0,-0.3335,-0.94575,3.1865
1340,2.0,-0.301,3.2395,4.17675
1341,2.0,-0.3335,-0.94575,3.1865
1342,2.0,3.14375,-6.404,4.57375
1343,2.0,-0.3335,-0.94575,3.1865
1344,2.0,2.90475,-3.9915,4.663
1345,2.0,-0.3335,-0.94575,3.1865
1346,2.0,2.16275,-1.13275,4.56725
1347,2.0,-0.74725,0.68425,3.35075
1348,2.0,-0.01175,-0.82575,2.4225
1349,2.0,-0.74725,0.68425,3.35075
1350,2.0,-1.9935,1.2515,-0.61475
1351,2.0,-0.74725,0.68425,3.35075
1352,2.0,-1.98475,0.19875,-1.9655
1353,2.0,-0.74725,0.68425,3.35075
1354,2.0,-1.68525,-0.112,-2.16125
1355,2.0,-0.74725,0.68425,3.35075
1356,2.0,0.39575,0.19575,-1.452
1357,2.0,-0.74725,0.68425,3.35075
1358,2.0,0.62425,0.148,-1.5185
1359,2.0,-0.74725,0.68425,3.35075
1360,2.0,-0.637,0.857,-1.37975
1361,2.0,-0.74725,0.68425,3.35075
1362,2.0,-1.146,1.8425,-1.47425
1363,2.0,-0.74725,0.68425,3.35075
1364,2.0,-0.931,1.69325,-1.83225
1365,2.0,-0.74725,0.68425,3.35075
1366,2.0,-0.2725,1.60675,-2.1915
1367,2.0,-0.74725,0.68425,3.35075
1368,2.0,-0.10225,1.58075,-2.206
1369,2.0,-0.74725,0.68425,3.35075
1370,2.0,-0.1445,1.38275,-1.4395
1371,2.0,-0.74725,0.68425,3.35075
1372,2.0,-0.30125,0.5405,-1.7195
1373,2.0,-0.74725,0.68425,3.35075
1374,2.0,-0.2645,0.534,-1.4975
1375,2.0,-0.74725,0.68425,3.35075
1376,2.0,-1.5785,-0.53975,-0.172
1377,2.0,-0.74725,0.68425,3.35075
1378,2.0,6.608,-5.12475,3.58125
1379,2.0,-0.74725,0.68425,3.35075
1380,2.0,4.59075,-1.97875,4.2855
1381,2.0,-0.74725,0.68425,3.35075
1382,2.0,-1.82125,-1.2145,3.93075
1383,2.0,-0.74725,0.68425,3.35075
1384,2.0,-2.53675,0.23075,-0.73975
1385,2.0,-0.74725,0.68425,3.35075
1386,2.0,-1.50425,0.57625,-3.2725
1387,2.0,-0.74725,0.68425,3.35075
1388,2.0,-1.85475,-0.43775,-4.59175
1389,2.0,-0.74725,0.68425,3.35075
1390,2.0,2.19575,-0.754,-1.253
1391,2.0,-0.74725,0.68425,3.35075
1392,2.0,2.96675,-0.98675,-0.73275
1393,2.0,-0.74725,0.68425,3.35075
1394,2.0,-1.16675,0.506,-1.76925
1395,2.0,-0.74725,0.68425,3.35075
1396,2.0,-1.5615,1.89225,-1.879
1397,2.0,-0.74725,0.68425,3.35075
1398,2.0,-1.7655,2.14575,-2.4355
1399,2.0,-0.74725,0.68425,3.35075
1400,2.0,-1.018,2.45225,-2.4645
1401,2.0,-0.74725,0.68425,3.35075
1402,2.0,-0.526,2.31575,-2.272
1403,2.0,-0.74725,0.68425,3.35075
1404,2.0,0.29,1.57,-1.96325
1405,2.0,-0.74725,0.68425,3.35075
1406,2.0,0.32575,1.57075,-1.90975
1407,2.0,-0.74725,0.68425,3.35075
1408,2.0,0.09525,1.552,-1.53
1409,2.0,-0.74725,0.68425,3.35075
1410,2.0,-5.25025,-3.1105,-3.57625
1411,2.0,1.2,0.37925,0.1775
1412,2.0,2.15125,2.4425,3.776
1413,2.0,1.2,0.37925,0.1775
1414,2.0,5.256,7.45775,5.08875
1415,2.0,1.2,0.37925,0.1775
1416,2.0,6.04525,1.18975,4.61975
1417,2.0,1.2,0.37925,0.1775
1418,2.0,-2.6815,-0.657,0.207
1419,2.0,1.2,0.37925,0.1775
1420,2.0,-2.96625,1.52975,-2.4675
1421,2.0,1.2,0.37925,0.1775
1422,2.0,-0.61675,0.212,-2.08225
1423,2.0,1.2,0.37925,0.1775
1424,2.0,-0.258,-0.46225,-1.3925
1425,2.0,1.2,0.37925,0.1775
1426,2.0,-0.73575,-0.7005,-1.90375
1427,2.0,1.2,0.37925,0.1775
1428,2.0,-0.67425,1.09475,-2.7445
1429,2.0,1.2,0.37925,0.1775
1430,2.0,0.1885,0.77675,-1.6915
1431,2.0,1.2,0.37925,0.1775
1432,2.0,0.08275,0.3355,-1.43575
1433,2.0,1.2,0.37925,0.1775
1434,2.0,-0.0055,1.0415,-1.519
1435,2.0,1.2,0.37925,0.1775
1436,2.0,-0.297,1.2415,-1.9605
1437,2.0,1.2,0.37925,0.1775
1438,2.0,-0.9865,1.4715,-2.3555
1439,2.0,1.2,0.37925,0.1775
1440,2.0,-0.9455,1.23525,-1.90125
1441,2.0,1.2,0.37925,0.1775
1442,2.0,-0.5365,1.04325,-1.5225
1443,2.0,1.2,0.37925,0.1775
1444,2.0,-0.35975,0.58425,-1.325
1445,2.0,1.2,0.37925,0.1775
1446,2.0,-0.368,0.441,-1.1385
1447,2.0,1.2,0.37925,0.1775
1448,2.0,-2.492,0.687,0.88675
1449,2.0,1.2,0.37925,0.1775
1450,2.0,5.38325,-1.51625,4.265
1451,2.0,1.2,0.37925,0.1775
1452,2.0,1.26,-3.7765,3.995
1453,2.0,1.2,0.37925,0.1775
1454,2.0,1.57075,-3.02325,4.103
1455,2.0,1.2,0.37925,0.1775
1456,2.0,0.70775,-1.49675,2.593
1457,2.0,1.2,0.37925,0.1775
1458,2.0,-1.1135,0.09,-0.67675
1459,2.0,1.2,0.37925,0.1775
1460,2.0,-1.82375,-0.2285,-1.9345
1461,2.0,1.2,0.37925,0.1775
1462,2.0,0.28425,0.328,-0.78225
1463,2.0,1.2,0.37925,0.1775
1464,2.0,2.106,-0.6315,-0.41875
1465,2.0,1.2,0.37925,0.1775
1466,2.0,0.13275,-0.52675,-0.69075
1467,2.0,1.2,0.37925,0.1775
1468,2.0,-0.64625,1.4465,-0.55375
1469,2.0,1.2,0.37925,0.1775
1470,2.0,-1.00525,1.65425,-1.10325
1471,2.0,1.2,0.37925,0.1775
1472,2.0,-0.133,1.5275,-1.21875
1473,2.0,1.2,0.37925,0.1775
1474,2.0,0.255,1.458,-1.417
1475,2.0,-3.89575,6.609,4.146
1476,2.0,0.19325,1.43325,-1.669
1477,2.0,-3.89575,6.609,4.146
1478,2.0,0.20775,1.30875,-1.60875
1479,2.0,-3.89575,6.609,4.146
1480,2.0,0.263,0.84025,-1.82675
1481,2.0,-3.89575,6.609,4.146
1482,2.0,0.2545,0.806,-1.97425
1483,2.0,-3.89575,6.609,4.146
1484,2.0,0.0105,0.91625,-1.765
1485,2.0,-3.89575,6.609,4.146
1486,2.0,-0.08,1.34675,-0.09325
1487,2.0,-3.89575,6.609,4.146
1488,2.0,-6.4205,-1.99575,-3.582
1489,2.0,-3.89575,6.609,4.146
1490,2.0,3.69825,-3.1755,3.646
1491,2.0,-3.89575,6.609,4.146
1492,2.0,0.83225,-6.13975,2.91575
1493,2.0,-3.89575,6.609,4.146
1494,2.0,2.4275,-3.0535,3.72725
1495,2.0,-3.89575,6.609,4.146
1496,2.0,0.9925,-2.4765,3.86025
1497,2.0,-3.89575,6.609,4.146
1498,2.0,-0.0365,-1.9635,0.71275
1499,2.0,-3.89575,6.609,4.146
1500,2.0,-0.33,1.06575,-1.00875
1501,2.0,-3.89575,6.609,4.146
1502,2.0,-1.363,0.43,-2.52725
1503,2.0,-3.89575,6.609,4.146
1504,2.0,0.3095,0.69575,-1.209
1505,2.0,-3.89575,6.609,4.146
1506,2.0,0.1385,0.48375,-0.91225
1507,2.0,-3.89575,6.609,4.146
1508,2.0,-0.1935,1.2595,-0.62125
1509,2.0,-3.89575,6.609,4.146
1510,2.0,-0.21475,1.9325,-1.31
1511,2.0,-3.89575,6.609,4.146
1512,2.0,-0.188,1.95125,-1.52525
1513,2.0,-3.89575,6.609,4.146
1514,2.0,0.236,1.648,-1.45575
1515,2.0,-3.89575,6.609,4.146
1516,2.0,0.01325,1.42025,-0.79675
1517,2.0,-3.89575,6.609,4.146
1518,2.0,-0.243,1.29025,-0.38825
1519,2.0,-3.89575,6.609,4.146
1520,2.0,-2.246,0.26675,0.53
1521,2.0,-3.89575,6.609,4.146
1522,2.0,-2.7845,-3.6705,-1.15925
1523,2.0,-3.89575,6.609,4.146
1524,2.0,6.9055,5.97875,6.0185
1525,2.0,-3.89575,6.609,4.146
1526,2.0,2.0775,-7.70225,3.1015
1527,2.0,-3.89575,6.609,4.146
1528,2.0,0.34825,-1.66375,3.16075
1529,2.0,-3.89575,6.609,4.146
1530,2.0,-2.157,2.3185,0.616
1531,2.0,-3.89575,6.609,4.146
1532,2.0,-2.12275,2.14725,-0.5255
1533,2.0,-3.89575,6.609,4.146
1534,2.0,-1.77425,1.151,-1.93675
1535,2.0,-3.89575,6.609,4.146
1536,2.0,-1.1585,1.0,-1.81275
1537,2.0,-0.284,-1.0225,2.47725
1538,2.0,0.026,1.363,-0.11175
1539,2.0,-0.284,-1.0225,2.47725
1540,2.0,0.15625,0.941,-0.655
1541,2.0,-0.284,-1.0225,2.47725
1542,2.0,0.62,0.428,-1.2295
1543,2.0,-0.284,-1.0225,2.47725
1544,2.0,1.10375,1.03325,-2.3065
1545,2.0,-0.284,-1.0225,2.47725
1546,2.0,0.21575,1.596,-2.55925
1547,2.0,-0.284,-1.0225,2.47725
1548,2.0,-0.427,2.498,-1.6265
1549,2.0,-0.284,-1.0225,2.47725
1550,2.0,-0.5115,2.499,-0.6445
1551,2.0,-0.284,-1.0225,2.47725
1552,2.0,-0.24475,2.12625,-0.3015
1553,2.0,-0.284,-1.0225,2.47725
1554,2.0,-1.73125,0.6475,-0.793
1555,2.0,-0.284,-1.0225,2.47725
1556,2.0,-0.923,0.037,0.21625
1557,2.0,-0.284,-1.0225,2.47725
1558,2.0,3.90325,7.4065,1.48825
1559,2.0,-0.284,-1.0225,2.47725
1560,2.0,3.2325,-3.8095,3.8395
1561,2.0,-0.284,-1.0225,2.47725
1562,2.0,2.14075,-1.62225,4.12925
1563,2.0,-0.284,-1.0225,2.47725
1564,2.0,-1.515,-0.27125,0.67925
1565,2.0,-0.284,-1.0225,2.47725
1566,2.0,-0.59325,2.67125,0.8965
1567,2.0,-0.284,-1.0225,2.47725
1568,2.0,-1.7365,0.46625,-2.427
1569,2.0,-0.284,-1.0225,2.47725
1570,2.0,-1.27925,1.292,-2.34
1571,2.0,-0.284,-1.0225,2.47725
1572,2.0,0.1705,1.32175,-1.93325
1573,2.0,-0.284,-1.0225,2.47725
1574,2.0,1.5815,0.20475,-1.537
1575,2.0,-0.284,-1.0225,2.47725
1576,2.0,0.86725,-0.3325,-1.6535
1577,2.0,-0.284,-1.0225,2.47725
1578,2.0,-0.011,0.82525,-2.0255
1579,2.0,-0.284,-1.0225,2.47725
1580,2.0,-0.83625,1.94425,-3.08375
1581,2.0,-0.284,-1.0225,2.47725
1582,2.0,-0.8455,2.08825,-2.954
1583,2.0,-0.284,-1.0225,2.47725
1584,2.0,-0.24525,1.896,-1.87175
1585,2.0,-0.284,-1.0225,2.47725
1586,2.0,-0.0225,1.55275,-1.47675
1587,2.0,-0.284,-1.0225,2.47725
1588,2.0,0.0005,1.18925,-1.00925
1589,2.0,-0.284,-1.0225,2.47725
1590,2.0,-4.28975,-2.06125,-1.52525
1591,2.0,-0.284,-1.0225,2.47725
1592,2.0,0.65875,-6.0785,1.98475
1593,2.0,-0.284,-1.0225,2.47725
1594,2.0,5.08625,-4.10925,4.416
1595,2.0,-0.284,-1.0225,2.47725
1596,2.0,1.7255,-0.6225,4.34275
1597,2.0,-0.284,-1.0225,2.47725
1598,2.0,0.5765,0.66475,-4.77325
1599,2.0,-0.284,-1.0225,2.47725
1600,2.0,0.38575,0.59525,-2.5575
1601,2.0,-0.09925,-0.555,2.623
1602,2.0,-0.899,-0.1615,-2.04025
1603,2.0,-0.09925,-0.555,2.623
1604,2.0,-2.58175,-0.0745,-1.55125
1605,2.0,-0.09925,-0.555,2.623
1606,2.0,-0.8065,1.22275,-0.48475
1607,2.0,-0.09925,-0.555,2.623
1608,2.0,0.29275,0.652,-1.29
1609,2.0,-0.09925,-0.555,2.623
1610,2.0,-0.45425,0.6245,-1.0995
1611,2.0,-0.09925,-0.555,2.623
1612,2.0,-0.69775,1.15325,-1.199
1613,2.0,-0.09925,-0.555,2.623
1614,2.0,-0.75525,1.31875,-1.8055
1615,2.0,-0.09925,-0.555,2.623
1616,2.0,-0.60625,1.265,-2.56375
1617,2.0,-0.09925,-0.555,2.623
1618,2.0,-0.6785,0.89325,-2.04675
1619,2.0,-0.09925,-0.555,2.623
1620,2.0,-0.87525,0.93425,-1.32025
1621,2.0,-0.09925,-0.555,2.623
1622,2.0,-0.958,1.1385,-0.22525
1623,2.0,-0.09925,-0.555,2.623
1624,2.0,-1.232,0.863,-0.1085
1625,2.0,-0.09925,-0.555,2.623
1626,2.0,-2.02925,1.04325,0.81325
1627,2.0,-0.09925,-0.555,2.623
1628,2.0,-0.1545,0.1495,3.1215
1629,2.0,-0.09925,-0.555,2.623
1630,2.0,8.0005,7.72675,3.34825
1631,2.0,-0.09925,-0.555,2.623
1632,2.0,1.218,-3.41675,3.90025
1633,2.0,-0.09925,-0.555,2.623
1634,2.0,-0.39225,-3.5445,2.4355
1635,2.0,-0.09925,-0.555,2.623
1636,2.0,-2.09025,-0.269,2.526
1637,2.0,-0.09925,-0.555,2.623
1638,2.0,-2.56975,0.7975,1.054
1639,2.0,-0.09925,-0.555,2.623
1640,2.0,-3.26225,0.53,-3.12725
1641,2.0,-0.09925,-0.555,2.623
1642,2.0,0.7325,0.65825,-2.11125
1643,2.0,-0.09925,-0.555,2.623
1644,2.0,1.343,-0.148,-1.61975
1645,2.0,-0.09925,-0.555,2.623
1646,2.0,-0.39825,0.4645,-0.62275
1647,2.0,-0.09925,-0.555,2.623
1648,2.0,0.06825,0.83125,-0.485
1649,2.0,-0.09925,-0.555,2.623
1650,2.0,-0.08325,1.23025,-1.97025
1651,2.0,-0.09925,-0.555,2.623
1652,2.0,0.00375,1.55725,-2.35675
1653,2.0,-0.09925,-0.555,2.623
1654,2.0,-0.163,1.41375,-2.703
1655,2.0,-0.09925,-0.555,2.623
1656,2.0,-0.475,1.434,-2.47
1657,2.0,-0.09925,-0.555,2.623
1658,2.0,-0.539,1.8485,-2.1385
1659,2.0,-0.09925,-0.555,2.623
1660,2.0,-0.80875,1.65925,-1.8975
1661,2.0,-0.09925,-0.555,2.623
1662,2.0,-1.03425,1.68225,-1.68725
1663,2.0,-0.09925,-0.555,2.623
1664,2.0,-1.39125,1.42475,-1.5595
1665,2.0,-0.09925,-0.555,2.623
1666,2.0,-2.6885,2.91625,1.61775
1667,2.0,2.00325,-0.56225,-0.2645
1668,2.0,6.13225,-4.76675,3.551
1669,2.0,2.00325,-0.56225,-0.2645
1670,2.0,1.20075,-5.8655,3.83675
1671,2.0,2.00325,-0.56225,-0.2645
1672,2.0,1.83775,-3.55925,4.081
1673,2.0,2.00325,-0.56225,-0.2645
1674,2.0,0.86825,-0.7285,0.9145
1675,2.0,2.00325,-0.56225,-0.2645
1676,2.0,0.8145,-0.13575,-0.134
1677,2.0,2.00325,-0.56225,-0.2645
1678,2.0,-1.8755,0.3365,-2.40825
1679,2.0,2.00325,-0.56225,-0.2645
1680,2.0,-2.22425,0.677,-2.75525
1681,2.0,2.00325,-0.56225,-0.2645
1682,2.0,0.04825,1.20925,-1.56475
1683,2.0,2.00325,-0.56225,-0.2645
1684,2.0,0.018,0.07125,-1.53725
1685,2.0,2.00325,-0.56225,-0.2645
1686,2.0,-0.7165,0.5095,-1.68475
1687,2.0,2.00325,-0.56225,-0.2645
1688,2.0,-1.08625,1.52225,-2.0485
1689,2.0,2.00325,-0.56225,-0.2645
1690,2.0,-1.153,1.5745,-2.35125
1691,2.0,2.00325,-0.56225,-0.2645
1692,2.0,-0.60225,1.19225,-2.1375
1693,2.0,2.00325,-0.56225,-0.2645
1694,2.0,-0.289,1.0115,-1.79025
1695,2.0,2.00325,-0.56225,-0.2645
1696,2.0,-0.08975,1.24275,-1.086
1697,2.0,2.00325,-0.56225,-0.2645
1698,2.0,0.342,0.41425,-1.128
1699,2.0,2.00325,-0.56225,-0.2645
1700,2.0,0.04475,0.03775,-1.44975
1701,2.0,2.00325,-0.56225,-0.2645
1702,2.0,-3.82875,-2.5855,-3.101
1703,2.0,2.00325,-0.56225,-0.2645
1704,2.0,0.11775,4.677,2.718
1705,2.0,2.00325,-0.56225,-0.2645
1706,2.0,1.43025,-5.98625,3.906
1707,2.0,2.00325,-0.56225,-0.2645
1708,2.0,-0.95975,-3.42775,3.94175
1709,2.0,2.00325,-0.56225,-0.2645
1710,2.0,1.088,-2.532,4.143
1711,2.0,2.00325,-0.56225,-0.2645
1712,2.0,0.99825,-0.54925,1.7745
1713,2.0,2.00325,-0.56225,-0.2645
1714,2.0,1.37625,-0.4,0.4935
1715,2.0,2.00325,-0.56225,-0.2645
1716,2.0,0.414,0.164,-1.153
1717,2.0,2.00325,-0.56225,-0.2645
1718,2.0,-0.6875,0.5075,-1.837
1719,2.0,2.00325,-0.56225,-0.2645
1720,2.0,-1.60775,0.993,-2.481
1721,2.0,2.00325,-0.56225,-0.2645
1722,2.0,1.5295,0.755,-1.21825
1723,2.0,2.00325,-0.56225,-0.2645
1724,2.0,1.5985,0.3135,-1.28725
1725,2.0,2.00325,-0.56225,-0.2645
1726,2.0,0.5335,0.93225,-1.87025
1727,2.0,2.00325,-0.56225,-0.2645
1728,2.0,0.186,1.323,-2.12375
1729,2.0,0.52825,-8.10175,-6.7415
1730,2.0,-0.28775,1.74675,-2.63425
1731,2.0,0.52825,-8.10175,-6.7415
1732,2.0,-0.442,2.19675,-2.56325
1733,2.0,0.52825,-8.10175,-6.7415
1734,2.0,-0.78025,3.09525,-1.9375
1735,2.0,0.52825,-8.10175,-6.7415
1736,2.0,-1.12725,3.25725,-1.6745
1737,2.0,0.52825,-8.10175,-6.7415
1738,2.0,-1.62625,2.877,-1.308
1739,2.0,0.52825,-8.10175,-6.7415
1740,2.0,-1.30625,2.5715,0.02125
1741,2.0,0.52825,-8.10175,-6.7415
1742,2.0,-6.98475,-7.28225,-4.759
1743,2.0,0.52825,-8.10175,-6.7415
1744,2.0,4.76975,7.8735,5.24575
1745,2.0,0.52825,-8.10175,-6.7415
1746,2.0,5.34725,-5.34925,4.979
1747,2.0,0.52825,-8.10175,-6.7415
1748,2.0,3.97775,-2.12125,4.9045
1749,2.0,0.52825,-8.10175,-6.7415
1750,2.0,1.54875,-2.8075,-0.40275
1751,2.0,0.52825,-8.10175,-6.7415
1752,2.0,-1.2435,1.455,-1.983
1753,2.0,0.52825,-8.10175,-6.7415
1754,2.0,-4.0815,0.1795,-3.69
1755,2.0,0.52825,-8.10175,-6.7415
1756,2.0,-3.86475,0.8605,-3.12025
1757,2.0,0.52825,-8.10175,-6.7415
1758,2.0,0.5345,1.17825,-1.693
1759,2.0,0.52825,-8.10175,-6.7415
1760,2.0,0.005,-1.13,-2.7
1761,2.0,0.52825,-8.10175,-6.7415
1762,2.0,-0.615,0.1385,-2.50175
1763,2.0,0.52825,-8.10175,-6.7415
1764,2.0,-1.50625,1.8595,-2.31725
1765,2.0,0.52825,-8.10175,-6.7415
1766,2.0,-1.61675,2.3475,-2.055
1767,2.0,0.52825,-8.10175,-6.7415
1768,2.0,-0.982,2.2305,-1.74125
1769,2.0,0.52825,-8.10175,-6.7415
1770,2.0,0.0635,0.32725,-1.7075
1771,2.0,0.52825,-8.10175,-6.7415
1772,2.0,0.14475,0.042,-1.436
1773,2.0,0.52825,-8.10175,-6.7415
1774,2.0,-0.24175,-0.618,-0.26525
1775,2.0,0.52825,-8.10175,-6.7415
1776,2.0,-1.54975,-1.66125,1.03175
1777,2.0,0.52825,-8.10175,-6.7415
1778,2.0,2.23675,2.078,4.493
1779,2.0,0.52825,-8.10175,-6.7415
1780,2.0,7.7505,7.15425,5.43975
1781,2.0,0.52825,-8.10175,-6.7415
1782,2.0,-1.25325,0.137,4.09
1783,2.0,0.52825,-8.10175,-6.7415
1784,2.0,-3.65725,-0.012,1.57075
1785,2.0,0.52825,-8.10175,-6.7415
1786,2.0,-1.55525,2.76775,0.186
1787,2.0,0.52825,-8.10175,-6.7415
1788,2.0,-1.50725,1.2715,-2.14
1789,2.0,0.52825,-8.10175,-6.7415
1790,2.0,-0.90275,0.6945,-2.003
1791,2.0,2.4015,-0.7475,-1.24125
1792,2.0,-0.19125,0.49375,-1.45225
1793,2.0,2.4015,-0.7475,-1.24125
1794,2.0,0.27925,-0.21325,-2.68075
1795,2.0,2.4015,-0.7475,-1.24125
1796,2.0,0.608,-0.52425,-3.08925
1797,2.0,2.4015,-0.7475,-1.24125
1798,2.0,-0.7335,1.018,-2.5285
1799,2.0,2.4015,-0.7475,-1.24125
1800,2.0,-0.6315,1.52375,-0.46775
1801,2.0,2.4015,-0.7475,-1.24125
1802,2.0,-1.84175,0.176,-0.47075
1803,2.0,2.4015,-0.7475,-1.24125
1804,2.0,2.147,-0.32825,3.98025
1805,2.0,2.4015,-0.7475,-1.24125
1806,2.0,3.003,-2.78525,4.121
1807,2.0,2.4015,-0.7475,-1.24125
1808,2.0,0.2605,-1.566,4.1005
1809,2.0,2.4015,-0.7475,-1.24125
1810,2.0,0.32,-1.2395,4.1375
1811,2.0,2.4015,-0.7475,-1.24125
1812,2.0,0.14375,-0.39625,0.6365
1813,2.0,2.4015,-0.7475,-1.24125
1814,2.0,-0.74625,-0.4565,-1.3845
1815,2.0,2.4015,-0.7475,-1.24125
1816,2.0,-1.025,-0.10075,-1.748
1817,2.0,2.4015,-0.7475,-1.24125
1818,2.0,-1.1725,0.8485,-1.05525
1819,2.0,2.4015,-0.7475,-1.24125
1820,2.0,-1.16875,1.05325,-1.4235
1821,2.0,2.4015,-0.7475,-1.24125
1822,2.0,-0.557,1.221,-2.125
1823,2.0,2.4015,-0.7475,-1.24125
1824,2.0,-0.141,1.08125,-2.384
1825,2.0,2.4015,-0.7475,-1.24125
1826,2.0,0.99425,0.4315,-3.0665
1827,2.0,2.4015,-0.7475,-1.24125
1828,2.0,0.844,0.7525,-3.26525
1829,2.0,2.4015,-0.7475,-1.24125
1830,2.0,0.0595,1.4125,-2.69775
1831,2.0,2.4015,-0.7475,-1.24125
1832,2.0,-0.35375,2.075,-1.89725
1833,2.0,2.4015,-0.7475,-1.24125
1834,2.0,-0.309,2.04525,-1.87725
1835,2.0,2.4015,-0.7475,-1.24125
1836,2.0,-0.00725,1.739,-1.912
1837,2.0,2.4015,-0.7475,-1.24125
1838,2.0,0.41775,2.2515,-1.281
1839,2.0,2.4015,-0.7475,-1.24125
1840,2.0,-2.0745,2.114,1.429
1841,2.0,2.4015,-0.7475,-1.24125
1842,2.0,4.38375,-4.7885,3.743
1843,2.0,2.4015,-0.7475,-1.24125
1844,2.0,5.47225,-7.09,4.262
1845,2.0,2.4015,-0.7475,-1.24125
1846,2.0,1.47525,-1.60275,4.25425
1847,2.0,2.4015,-0.7475,-1.24125
1848,2.0,-2.449,-1.8565,1.3645
1849,2.0,2.4015,-0.7475,-1.24125
1850,2.0,-0.448,1.39625,0.95025
1851,2.0,2.4015,-0.7475,-1.24125
1852,2.0,0.067,1.43175,-0.10225
1853,2.0,-0.22225,-0.72925,2.04725
1854,2.0,-2.0105,0.39625,-3.16825
1855,2.0,-0.22225,-0.72925,2.04725
1856,2.0,-1.98825,1.5085,-3.324
1857,2.0,-0.22225,-0.72925,2.04725
1858,2.0,2.4655,0.5535,-3.341
1859,2.0,-0.22225,-0.72925,2.04725
1860,2.0,0.22075,-0.26975,-2.43825
1861,2.0,-0.22225,-0.72925,2.04725
1862,2.0,-0.3695,0.4995,-1.33025
1863,2.0,-0.22225,-0.72925,2.04725
1864,2.0,-1.15425,1.4035,-0.65725
1865,2.0,-0.22225,-0.72925,2.04725
1866,2.0,-1.32125,1.649,-1.11
1867,2.0,-0.22225,-0.72925,2.04725
1868,2.0,-0.643,1.67275,-2.295
1869,2.0,-0.22225,-0.72925,2.04725
1870,2.0,-0.0225,1.14,-2.1505
1871,2.0,-0.22225,-0.72925,2.04725
1872,2.0,0.08575,1.0435,-1.7265
1873,2.0,-0.22225,-0.72925,2.04725
1874,2.0,-0.1545,0.578,-1.392
1875,2.0,-0.22225,-0.72925,2.04725
1876,2.0,-0.433,0.5135,-1.331
1877,2.0,-0.22225,-0.72925,2.04725
1878,2.0,-2.90975,-0.659,-1.65425
1879,2.0,-0.22225,-0.72925,2.04725
1880,2.0,2.32175,-1.981,4.2555
1881,2.0,-0.22225,-0.72925,2.04725
1882,2.0,3.95375,8.083,4.1015
1883,2.0,-0.22225,-0.72925,2.04725
1884,2.0,3.22725,-2.702,4.50175
1885,2.0,-0.22225,-0.72925,2.04725
1886,2.0,2.931,-1.832,3.7965
1887,2.0,-0.22225,-0.72925,2.04725
1888,2.0,-0.90375,1.058,-1.724
1889,2.0,-0.22225,-0.72925,2.04725
1890,2.0,-2.064,-0.1305,-3.45325
1891,2.0,-0.22225,-0.72925,2.04725
1892,2.0,-2.5975,0.90425,-2.407
1893,2.0,-0.22225,-0.72925,2.04725
1894,2.0,-0.47375,1.53925,-1.13875
1895,2.0,-0.22225,-0.72925,2.04725
1896,2.0,1.03225,0.45875,-1.8555
1897,2.0,-0.22225,-0.72925,2.04725
1898,2.0,0.6765,0.35725,-2.19425
1899,2.0,-0.22225,-0.72925,2.04725
1900,2.0,-0.57125,1.17525,-2.646
1901,2.0,-0.22225,-0.72925,2.04725
1902,2.0,-1.13375,1.5035,-3.035
1903,2.0,-0.22225,-0.72925,2.04725
1904,2.0,-1.1155,1.716,-3.42225
1905,2.0,-0.22225,-0.72925,2.04725
1906,2.0,-0.46075,1.41325,-3.093
1907,2.0,-0.22225,-0.72925,2.04725
1908,2.0,-0.3635,1.42575,-2.67775
1909,2.0,-0.22225,-0.72925,2.04725
1910,2.0,-0.4205,1.3545,-2.3015
1911,2.0,-0.22225,-0.72925,2.04725
1912,2.0,-0.4425,1.35075,-2.29675
1913,2.0,-0.22225,-0.72925,2.04725
1914,2.0,-4.961,-2.352,-4.71225
1915,2.0,-0.22225,-0.72925,2.04725
1916,2.0,3.90975,-0.119,4.30575
1917,2.0,-0.22225,-0.72925,2.04725
1918,2.0,4.2925,-7.879,4.0535
1919,2.0,0.222,-0.05625,2.20075
1920,2.0,4.66625,-3.68825,4.49375
1921,2.0,0.222,-0.05625,2.20075
1922,2.0,4.17825,-2.699,4.53175
1923,2.0,0.222,-0.05625,2.20075
1924,2.0,-0.5045,-1.2215,2.09425
1925,2.0,0.222,-0.05625,2.20075
1926,2.0,-0.187,1.02625,0.29425
1927,2.0,0.222,-0.05625,2.20075
1928,2.0,-1.82625,0.25675,-2.161
1929,2.0,0.222,-0.05625,2.20075
1930,2.0,-2.705,0.6945,-3.38
1931,2.0,0.222,-0.05625,2.20075
1932,2.0,-0.51775,1.7655,-2.07925
1933,2.0,0.222,-0.05625,2.20075
1934,2.0,0.57075,0.6085,-1.33975
1935,2.0,0.222,-0.05625,2.20075
1936,2.0,-0.7495,0.36,-1.48375
1937,2.0,0.222,-0.05625,2.20075
1938,2.0,-0.97,0.99325,-1.9645
1939,2.0,0.222,-0.05625,2.20075
1940,2.0,-0.62525,1.19175,-3.11025
1941,2.0,0.222,-0.05625,2.20075
1942,2.0,-0.5385,1.2805,-3.12375
1943,2.0,0.222,-0.05625,2.20075
1944,2.0,-0.2265,1.4675,-2.60775
1945,2.0,0.222,-0.05625,2.20075
1946,2.0,-0.17125,1.506,-2.289
1947,2.0,0.222,-0.05625,2.20075
1948,2.0,0.0775,1.42125,-1.73325
1949,2.0,0.222,-0.05625,2.20075
1950,2.0,0.34375,1.07,-1.43
1951,2.0,0.222,-0.05625,2.20075
1952,2.0,-2.24775,3.9035,2.42225
1953,2.0,0.222,-0.05625,2.20075
1954,2.0,2.77625,7.80825,4.818
1955,2.0,0.222,-0.05625,2.20075
1956,2.0,1.20925,-4.1105,4.04825
1957,2.0,0.222,-0.05625,2.20075
1958,2.0,2.64825,-1.625,4.29425
1959,2.0,0.222,-0.05625,2.20075
1960,2.0,-0.047,0.91575,-0.14725
1961,2.0,0.222,-0.05625,2.20075
1962,2.0,-0.698,0.7215,-1.6605
1963,2.0,0.222,-0.05625,2.20075
1964,2.0,-3.3,0.10525,-3.989
1965,2.0,0.222,-0.05625,2.20075
1966,2.0,-1.51825,1.6225,-2.27375
1967,2.0,0.222,-0.05625,2.20075
1968,2.0,1.173,1.19625,-0.8465
1969,2.0,0.222,-0.05625,2.20075
1970,2.0,0.49125,0.4165,-0.96975
1971,2.0,0.222,-0.05625,2.20075
1972,2.0,-0.361,0.8555,-1.1115
1973,2.0,0.222,-0.05625,2.20075
1974,2.0,-0.86675,1.34975,-2.55825
1975,2.0,0.222,-0.05625,2.20075
1976,2.0,-0.548,1.54075,-2.8455
1977,2.0,0.222,-0.05625,2.20075
1978,2.0,0.344,1.43775,-2.37725
1979,2.0,0.222,-0.05625,2.20075
1980,2.0,0.20225,1.3325,-1.703
1981,2.0,0.222,-0.05625,2.20075
1982,2.0,-0.158,1.654,-1.5785
1983,2.0,-2.31725,-0.755,1.217
1984,2.0,-0.47975,1.78475,-1.29725
1985,2.0,-2.31725,-0.755,1.217
1986,2.0,-0.58375,1.59975,-1.0955
1987,2.0,-2.31725,-0.755,1.217
1988,2.0,-2.8525,2.57425,2.05725
1989,2.0,-2.31725,-0.755,1.217
1990,2.0,1.5135,-2.667,4.10025
1991,2.0,-2.31725,-0.755,1.217
1992,2.0,4.23075,-3.076,4.2575
1993,2.0,-2.31725,-0.755,1.217
1994,2.0,2.00075,-1.18575,2.67925
1995,2.0,-2.31725,-0.755,1.217
1996,2.0,-0.89075,0.07425,1.3755
1997,2.0,-2.31725,-0.755,1.217
1998,2.0,-2.08075,0.45175,0.3265
1999,2.0,-2.31725,-0.755,1.217
2000,2.0,-2.4465,0.497,-2.0265
2001,2.0,-2.31725,-0.755,1.217
2002,2.0,0.82575,1.2785,-1.74575
2003,2.0,-2.31725,-0.755,1.217
2004,2.0,0.9055,0.64625,-1.407
2005,2.0,-2.31725,-0.755,1.217
2006,2.0,-0.4695,0.6105,-0.944
2007,2.0,-2.31725,-0.755,1.217
2008,2.0,-0.8025,1.2415,-1.24475
2009,2.0,-2.31725,-0.755,1.217
